FALSE##,Pirates of the Caribbean: On Stranger Tides##,380000000##,"[{'id': 12, 'name': 'Adventure'}, {'id': 28, 'name': 'Action'}, {'id': 14, 'name': 'Fantasy'}]##",http://disney.go.com/pirates/index-on-stranger-tides.html#/video/##,1865##,tt1298650##,en##,Pirates of the Caribbean: On Stranger Tides##,"Captain Jack Sparrow crosses paths with a woman from his past, and he's not sure if it's love -- or if she's a ruthless con artist who's using him to find the fabled Fountain of Youth. When she forces him aboard the Queen Anne's Revenge, the ship of the formidable pirate Blackbeard, Jack finds himself on an unexpected adventure in which he doesn't know who to fear more: Blackbeard or the woman from his past.##",27.88772##,"[{'name': 'Walt Disney Pictures', 'id': 2}, {'name': 'Jerry Bruckheimer Films', 'id': 130}, {'name': 'Moving Picture Company (MPC)', 'id': 20478}]##","[{'iso_3166_1': 'US', 'name': 'United States of America'}]##",2011-05-14##,1045713802##,136##,"[{'iso_639_1': 'en', 'name': 'English'}, {'iso_639_1': 'es', 'name': 'EspaГ±ol'}]##",Released##,Live Forever Or Die Trying.##,FALSE##,6.4##,5068
FALSE##,Kill Bill: Vol. 1##,30000000##,"[{'id': 28, 'name': 'Action'}, {'id': 80, 'name': 'Crime'}]##",http://www.miramax.com/movie/kill-bill-volume-1/##,24##,tt0266697##,en##,Kill Bill: Vol. 1##,"An assassin is shot at the altar by her ruthless employer, Bill and other members of their assassination circle - but 'The Bride' lives to plot her vengeance. Setting out for some payback, she makes a death list and hunts down those who wronged her, saving Bill for last.##",25.261865##,"[{'name': 'Miramax Films', 'id': 14}, {'name': 'A Band Apart', 'id': 59}, {'name': 'Super Cool ManChu', 'id': 39121}]##","[{'iso_3166_1': 'US', 'name': 'United States of America'}]##",2003-10-10##,180949000##,111##,"[{'iso_639_1': 'en', 'name': 'English'}, {'iso_639_1': 'ja', 'name': '?Ґжњ¬иЄ?}, {'iso_639_1': 'fr', 'name': 'FranГ§ais'}]##",Released##,Go for the kill.##,FALSE##,7.7##,5091
FALSE##,300##,65000000##,"[{'id': 28, 'name': 'Action'}, {'id': 12, 'name': 'Adventure'}, {'id': 10752, 'name': 'War'}]##",http://300themovie.warnerbros.com##,1271##,tt0416449##,en##,300##,"Based on Frank Miller's graphic novel, ""300"" is very loosely based the 480 B.C. Battle of Thermopylae, where the King of Sparta led his army against the advancing Persians; the battle is said to have inspired all of Greece to band together against the Persians, and helped usher in the world's first democracy.##",18.108408##,"[{'name': 'Virtual Studios', 'id': 449}, {'name': 'Legendary Pictures', 'id': 923}, {'name': 'Hollywood Gang Productions', 'id': 2994}, {'name': 'Atmosphere Entertainment MM', 'id': 2995}, {'name': 'Warner Bros.', 'id': 6194}, {'name': 'Nimar Studios', 'id': 7636}, {'name': 'Cruel and Unusual Films', 'id': 78685}]##","[{'iso_3166_1': 'US', 'name': 'United States of America'}]##",2006-12-09##,422610419##,117##,"[{'iso_639_1': 'en', 'name': 'English'}]##",Released##,Spartans, prepare for glory!##,FALSE##,7##,5092
FALSE##,Rogue One: A Star Wars Story##,200000000##,"[{'id': 28, 'name': 'Action'}, {'id': 12, 'name': 'Adventure'}, {'id': 878, 'name': 'Science Fiction'}]##",http://www.starwars.com/films/rogue-one##,330459##,tt3748528##,en##,Rogue One: A Star Wars Story##,A rogue band of resistance fighters unite for a mission to steal the Death Star plans and bring a new hope to the galaxy.##,36.567575##,"[{'name': 'Lucasfilm', 'id': 1}, {'name': 'Walt Disney Pictures', 'id': 2}, {'name': 'Allison Shearmur Productions', 'id': 47706}, {'name': 'Black Hangar Studios', 'id': 68738}, {'name': 'Stereo D', 'id': 86561}]##","[{'iso_3166_1': 'US', 'name': 'United States of America'}]##",2016-12-14##,1056057273##,133##,"[{'iso_639_1': 'en', 'name': 'English'}]##",Released##,A Rebellion Built on Hope##,FALSE##,7.4##,5111
FALSE##,Saving Private Ryan##,70000000##,"[{'id': 18, 'name': 'Drama'}, {'id': 36, 'name': 'History'}, {'id': 10752, 'name': 'War'}]##",null##,857##,tt0120815##,en##,Saving Private Ryan##,"As U.S. troops storm the beaches of Normandy, three brothers lie dead on the battlefield, with a fourth trapped behind enemy lines. Ranger captain John Miller and seven men are tasked with penetrating German-held territory and bringing the boy home.##",21.758054##,"[{'name': 'Paramount Pictures', 'id': 4}, {'name': 'DreamWorks SKG', 'id': 27}, {'name': 'Amblin Entertainment', 'id': 56}, {'name': 'Mutual Film Company', 'id': 762}, {'name': 'Mark Gordon Productions', 'id': 11362}]##","[{'iso_3166_1': 'US', 'name': 'United States of America'}]##",1998-07-24##,481840909##,169##,"[{'iso_639_1': 'cs', 'name': 'ДЊeskГЅ'}, {'iso_639_1': 'de', 'name': 'Deutsch'}, {'iso_639_1': 'en', 'name': 'English'}, {'iso_639_1': 'fr', 'name': 'FranГ§ais'}]##",Released##,The mission is a man.##,FALSE##,7.9##,5148
FALSE##,Prometheus##,130000000##,"[{'id': 878, 'name': 'Science Fiction'}, {'id': 12, 'name': 'Adventure'}, {'id': 9648, 'name': 'Mystery'}]##",http://www.projectprometheus.com/##,70981##,tt1446714##,en##,Prometheus##,"A team of explorers discover a clue to the origins of mankind on Earth, leading them on a journey to the darkest corners of the universe. There, they must fight a terrifying battle to save the future of the human race.##",16.624854##,"[{'name': 'Twentieth Century Fox Film Corporation', 'id': 306}, {'name': 'Dune Entertainment', 'id': 444}, {'name': 'Scott Free Productions', 'id': 1645}, {'name': 'Brandywine Productions', 'id': 19747}]##","[{'iso_3166_1': 'GB', 'name': 'United Kingdom'}, {'iso_3166_1': 'US', 'name': 'United States of America'}]##",2012-05-30##,403170142##,124##,"[{'iso_639_1': 'gd', 'name': ''}, {'iso_639_1': 'en', 'name': 'English'}]##",Released##,The Search for Our Beginning Could Lead to Our End.##,FALSE##,6.3##,5152
FALSE##,X-Men: First Class##,160000000##,"[{'id': 28, 'name': 'Action'}, {'id': 878, 'name': 'Science Fiction'}, {'id': 12, 'name': 'Adventure'}]##",http://www.x-menfirstclassmovie.com/##,49538##,tt1270798##,en##,X-Men: First Class##,"Before Charles Xavier and Erik Lensherr took the names Professor X and Magneto, they were two young men discovering their powers for the first time. Before they were arch-enemies, they were closest of friends, working together with other mutants (some familiar, some new), to stop the greatest threat the world has ever known.##",0.738633##,"[{'name': 'Ingenious Film Partners', 'id': 289}, {'name': 'Ingenious Media', 'id': 290}, {'name': 'Twentieth Century Fox Film Corporation', 'id': 306}, {'name': ""Donners' Company"", 'id': 431}, {'name': 'Dune Entertainment', 'id': 444}, {'name': 'Dune Entertainment III', 'id': 6332}, {'name': 'Marvel Entertainment', 'id': 7505}, {'name': 'Bad Hat Harry Productions', 'id': 9168}, {'name': 'Big Screen Productions', 'id': 10893}]##","[{'iso_3166_1': 'US', 'name': 'United States of America'}]##",2011-05-24##,353624124##,132##,"[{'iso_639_1': 'de', 'name': 'Deutsch'}, {'iso_639_1': 'en', 'name': 'English'}, {'iso_639_1': 'es', 'name': 'EspaГ±ol'}, {'iso_639_1': 'fr', 'name': 'FranГ§ais'}, {'iso_639_1': 'ru', 'name': 'P???РєРёР№'}]##",Released##,Witness the moment that will change our world.##,FALSE##,7.1##,5252
FALSE##,Fast & Furious 6##,160000000##,"[{'id': 28, 'name': 'Action'}, {'id': 53, 'name': 'Thriller'}, {'id': 80, 'name': 'Crime'}]##",http://www.thefastandthefurious.com/##,82992##,tt1905041##,en##,Fast & Furious 6##,"Hobbs has Dominic and Brian reassemble their crew to take down a team of mercenaries: Dominic unexpectedly gets convoluted also facing his presumed deceased girlfriend, Letty.##",1.657637##,"[{'name': 'Universal Studios', 'id': 13}, {'name': 'Universal Pictures', 'id': 33}, {'name': 'Original Film', 'id': 333}, {'name': 'One Race Productions', 'id': 1225}, {'name': 'Fuji Television Network', 'id': 3341}, {'name': 'Dentsu', 'id': 6452}, {'name': 'Relativity Media', 'id': 7295}, {'name': 'Etalon film', 'id': 9341}, {'name': 'F & F VI Productions A.I.E', 'id': 48499}]##","[{'iso_3166_1': 'US', 'name': 'United States of America'}]##",2013-05-06##,788679850##,130##,"[{'iso_639_1': 'en', 'name': 'English'}, {'iso_639_1': 'ru', 'name': 'P???РєРёР№'}, {'iso_639_1': 'es', 'name': 'EspaГ±ol'}]##",Released##,All roads lead to this##,FALSE##,6.7##,5282
FALSE##,The Incredibles##,92000000##,"[{'id': 28, 'name': 'Action'}, {'id': 12, 'name': 'Adventure'}, {'id': 16, 'name': 'Animation'}, {'id': 10751, 'name': 'Family'}]##",http://disney.go.com/disneyvideos/animatedfilms/incredibles/main.html##,9806##,tt0317705##,en##,The Incredibles##,"Bob Parr has given up his superhero days to log in time as an insurance adjuster and raise his three children with his formerly heroic wife in suburbia. But when he receives a mysterious assignment, it's time to get back into costume.##",22.220214##,"[{'name': 'Walt Disney Pictures', 'id': 2}, {'name': 'Pixar Animation Studios', 'id': 3}]##","[{'iso_3166_1': 'US', 'name': 'United States of America'}]##",2004-11-05##,631442092##,115##,"[{'iso_639_1': 'fr', 'name': 'FranГ§ais'}, {'iso_639_1': 'en', 'name': 'English'}]##",Released##,No gut, no glory##,FALSE##,7.4##,5290
FALSE##,Pirates of the Caribbean: Dead Man's Chest##,200000000##,"[{'id': 12, 'name': 'Adventure'}, {'id': 14, 'name': 'Fantasy'}, {'id': 28, 'name': 'Action'}]##",http://disney.go.com/disneypictures/pirates/##,58##,tt0383574##,en##,Pirates of the Caribbean: Dead Man's Chest##,"Captain Jack Sparrow works his way out of a blood debt with the ghostly Davey Jones, he also attempts to avoid eternal damnation.##",29.455314##,"[{'name': 'Walt Disney Pictures', 'id': 2}, {'name': 'Jerry Bruckheimer Films', 'id': 130}, {'name': 'Second Mate Productions', 'id': 19936}]##","[{'iso_3166_1': 'US', 'name': 'United States of America'}]##",2006-06-20##,1065659812##,151##,"[{'iso_639_1': 'en', 'name': 'English'}, {'iso_639_1': 'tr', 'name': 'TГјrkГ§e'}, {'iso_639_1': 'el', 'name': 'ОµО»О»О·ОЅО№ОєО¬'}, {'iso_639_1': 'zh', 'name': '??ЂљиЇќ'}]##",Released##,Jack is back!##,FALSE##,7##,5380
FALSE##,Spider-Man##,139000000##,"[{'id': 14, 'name': 'Fantasy'}, {'id': 28, 'name': 'Action'}]##",http://www.sonypictures.com/movies/spider-man/##,557##,tt0145487##,en##,Spider-Man##,"After being bitten by a genetically altered spider, nerdy high school student Peter Parker is endowed with amazing powers.##",29.413341##,"[{'name': 'Columbia Pictures', 'id': 5}, {'name': 'Marvel Enterprises', 'id': 19551}]##","[{'iso_3166_1': 'US', 'name': 'United States of America'}]##",2002-05-01##,821708551##,121##,"[{'iso_639_1': 'en', 'name': 'English'}]##",Released##,With great power comes great responsibility.##,FALSE##,6.8##,5398
FALSE##,The Intouchables##,13000000##,"[{'id': 18, 'name': 'Drama'}, {'id': 35, 'name': 'Comedy'}]##",null##,77338##,tt1675434##,fr##,Intouchables##,A true story of two men who should never have met ? a quadriplegic aristocrat who was injured in a paragliding accident and a young man from the projects.##,16.086919##,"[{'name': 'Gaumont', 'id': 9}, {'name': 'TF1 Films Production', 'id': 3823}, {'name': 'Canal+', 'id': 5358}, {'name': 'Cin?Cin?ma', 'id': 6301}, {'name': 'Quad Productions', 'id': 7038}, {'name': 'Chaocorp', 'id': 7766}, {'name': 'Ten Films', 'id': 8018}, {'name': 'TF1', 'id': 22123}]##","[{'iso_3166_1': 'FR', 'name': 'France'}]##",2011-11-02##,426480871##,112##,"[{'iso_639_1': 'en', 'name': 'English'}, {'iso_639_1': 'fr', 'name': 'FranГ§ais'}]##",Released##,Sometimes you have to reach into someone else's world to find out what's missing in your own.##,FALSE##,8.2##,5410
FALSE##,Toy Story##,30000000##,"[{'id': 16, 'name': 'Animation'}, {'id': 35, 'name': 'Comedy'}, {'id': 10751, 'name': 'Family'}]##",http://toystory.disney.com/toy-story##,862##,tt0114709##,en##,Toy Story##,"Led by Woody, Andy's toys live happily in his room until Andy's birthday brings Buzz Lightyear onto the scene. Afraid of losing his place in Andy's heart, Woody plots against Buzz. But when circumstances separate Buzz and Woody from their owner, the duo eventually learns to put aside their differences.##",21.946943##,"[{'name': 'Pixar Animation Studios', 'id': 3}]##","[{'iso_3166_1': 'US', 'name': 'United States of America'}]##",1995-10-30##,373554033##,81##,"[{'iso_639_1': 'en', 'name': 'English'}]##",Released##,null##,FALSE##,7.7##,5415
FALSE##,Harry Potter and the Half-Blood Prince##,250000000##,"[{'id': 12, 'name': 'Adventure'}, {'id': 14, 'name': 'Fantasy'}, {'id': 10751, 'name': 'Family'}]##",http://harrypotter.warnerbros.com/harrypotterandthehalf-bloodprince/dvd/index.html##,767##,tt0417741##,en##,Harry Potter and the Half-Blood Prince##,"As Harry begins his sixth year at Hogwarts, he discovers an old book marked as 'Property of the Half-Blood Prince', and begins to learn more about Lord Voldemort's dark past.##",19.083723##,"[{'name': 'Warner Bros.', 'id': 6194}, {'name': 'Heyday Films', 'id': 7364}]##","[{'iso_3166_1': 'GB', 'name': 'United Kingdom'}, {'iso_3166_1': 'US', 'name': 'United States of America'}]##",2009-07-07##,933959197##,153##,"[{'iso_639_1': 'en', 'name': 'English'}]##",Released##,Dark Secrets Revealed##,FALSE##,7.4##,5435
FALSE##,Frozen##,150000000##,"[{'id': 16, 'name': 'Animation'}, {'id': 12, 'name': 'Adventure'}, {'id': 10751, 'name': 'Family'}]##",http://movies.disney.com/frozen##,109445##,tt2294629##,en##,Frozen##,"Young princess Anna of Arendelle dreams about finding true love at her sister Elsa's coronation. Fate takes her on a dangerous journey in an attempt to end the eternal winter that has fallen over the kingdom. She's accompanied by ice delivery man Kristoff, his reindeer Sven, and snowman Olaf. On an adventure where she will find out what friendship, courage, family, and true love really means.##",24.248243##,"[{'name': 'Walt Disney Pictures', 'id': 2}, {'name': 'Walt Disney Animation Studios', 'id': 6125}]##","[{'iso_3166_1': 'US', 'name': 'United States of America'}]##",2013-11-27##,1274219009##,102##,"[{'iso_639_1': 'en', 'name': 'English'}]##",Released##,Only the act of true love will thaw a frozen heart.##,FALSE##,7.3##,5440
FALSE##,John Wick##,20000000##,"[{'id': 28, 'name': 'Action'}, {'id': 53, 'name': 'Thriller'}]##",http://www.johnwickthemovie.com/##,245891##,tt2911666##,en##,John Wick##,Ex-lunatic John Wick comes off his meds to track down the bounders that killed his dog and made off with his self-respect.##,183.870374##,"[{'name': 'Summit Entertainment', 'id': 491}, {'name': 'Warner Bros.', 'id': 6194}, {'name': '87Eleven', 'id': 23008}, {'name': 'DefyNite Films', 'id': 36259}, {'name': 'MJW Films', 'id': 36433}]##","[{'iso_3166_1': 'CA', 'name': 'Canada'}, {'iso_3166_1': 'CN', 'name': 'China'}, {'iso_3166_1': 'US', 'name': 'United States of America'}]##",2014-10-22##,88761661##,101##,"[{'iso_639_1': 'hu', 'name': 'Magyar'}, {'iso_639_1': 'en', 'name': 'English'}, {'iso_639_1': 'ru', 'name': 'P???РєРёР№'}]##",Released##,Don't set him off.##,FALSE##,7##,5499
FALSE##,The Lion King##,45000000##,"[{'id': 10751, 'name': 'Family'}, {'id': 16, 'name': 'Animation'}, {'id': 18, 'name': 'Drama'}]##",http://movies.disney.com/the-lion-king##,8587##,tt0110357##,en##,The Lion King##,A young lion cub named Simba can't wait to be king. But his uncle craves the title for himself and will stop at nothing to get it.##,21.605761##,"[{'name': 'Walt Disney Pictures', 'id': 2}, {'name': 'Walt Disney Feature Animation', 'id': 10217}]##","[{'iso_3166_1': 'US', 'name': 'United States of America'}]##",1994-06-23##,788241776##,89##,"[{'iso_639_1': 'en', 'name': 'English'}]##",Released##,Life's greatest adventure is finding your place in the Circle of Life.##,FALSE##,8##,5520
FALSE##,Beauty and the Beast##,160000000##,"[{'id': 10751, 'name': 'Family'}, {'id': 14, 'name': 'Fantasy'}, {'id': 10749, 'name': 'Romance'}]##",http://movies.disney.com/beauty-and-the-beast-2017##,321612##,tt2771200##,en##,Beauty and the Beast##,A live-action adaptation of Disney's version of the classic 'Beauty and the Beast' tale of a cursed prince and a beautiful young woman who helps him break the spell.##,287.253654##,"[{'name': 'Walt Disney Pictures', 'id': 2}, {'name': 'Mandeville Films', 'id': 10227}]##","[{'iso_3166_1': 'GB', 'name': 'United Kingdom'}, {'iso_3166_1': 'US', 'name': 'United States of America'}]##",2017-03-16##,1262886337##,129##,"[{'iso_639_1': 'en', 'name': 'English'}]##",Released##,Be our guest.##,FALSE##,6.8##,5530
FALSE##,The Maze Runner##,34000000##,"[{'id': 28, 'name': 'Action'}, {'id': 9648, 'name': 'Mystery'}, {'id': 878, 'name': 'Science Fiction'}, {'id': 53, 'name': 'Thriller'}]##",http://themazerunnermovie.com/##,198663##,tt1790864##,en##,The Maze Runner##,"Set in a post-apocalyptic world, young Thomas is deposited in a community of boys after his memory is erased, soon learning they're all trapped in a maze that will require him to join forces with fellow ""runners"" for a shot at escape.##",76.93789##,"[{'name': 'Ingenious Media', 'id': 290}, {'name': 'Twentieth Century Fox Film Corporation', 'id': 306}, {'name': 'Gotham Group', 'id': 3672}, {'name': 'Dayday Films', 'id': 8569}, {'name': 'Temple Hill Entertainment', 'id': 12292}, {'name': 'TSG Entertainment', 'id': 22213}]##","[{'iso_3166_1': 'US', 'name': 'United States of America'}]##",2014-09-10##,348319861##,113##,"[{'iso_639_1': 'en', 'name': 'English'}]##",Released##,Run - Remember - Survive##,FALSE##,7##,5540
FALSE##,Gladiator##,103000000##,"[{'id': 28, 'name': 'Action'}, {'id': 18, 'name': 'Drama'}, {'id': 12, 'name': 'Adventure'}]##",null##,98##,tt0172495##,en##,Gladiator##,"In the year 180, the death of emperor Marcus Aurelius throws the Roman Empire into chaos. Maximus is one of the Roman army's most capable and trusted generals and a key advisor to the emperor. As Marcus' devious son Commodus ascends to the throne, Maximus is set to be executed. He escapes, but is captured by slave traders. Renamed Spaniard and forced to become a gladiator, Maximus must battle to the death with other men for the amusement of paying audiences. His battle skills serve him well, and he becomes one of the most famous and admired men to fight in the Colosseum. Determined to avenge himself against the man who took away his freedom and laid waste to his family, Maximus believes that he can use his fame and skill in the ring to avenge the loss of his family and former glory. As the gladiator begins to challenge his rule, Commodus decides to put his own fighting mettle to the test by squaring off with Maximus in a battle to the death.##",23.186667##,"[{'name': 'DreamWorks SKG', 'id': 27}, {'name': 'Universal Pictures', 'id': 33}, {'name': 'Scott Free Productions', 'id': 1645}, {'name': 'Red Wagon Entertainment', 'id': 14440}, {'name': 'Mill Film', 'id': 21904}, {'name': 'C & L', 'id': 21905}, {'name': 'Dawliz', 'id': 21906}]##","[{'iso_3166_1': 'GB', 'name': 'United Kingdom'}, {'iso_3166_1': 'US', 'name': 'United States of America'}]##",2000-05-01##,457640427##,155##,"[{'iso_639_1': 'en', 'name': 'English'}]##",Released##,A Hero Will Rise.##,FALSE##,7.9##,5566
FALSE##,Fantastic Beasts and Where to Find Them##,180000000##,"[{'id': 12, 'name': 'Adventure'}, {'id': 10751, 'name': 'Family'}, {'id': 14, 'name': 'Fantasy'}]##",http://www.fantasticbeasts.com/##,259316##,tt3183660##,en##,Fantastic Beasts and Where to Find Them##,"In 1926, Newt Scamander arrives at the Magical Congress of the United States of America with a magically expanded briefcase, which houses a number of dangerous creatures and their habitats. When the creatures escape from the briefcase, it sends the American wizarding authorities after Newt, and threatens to strain even further the state of magical and non-magical relations.##",41.051421##,"[{'name': 'Heyday films', 'id': 437}, {'name': 'Warner Bros.', 'id': 6194}]##","[{'iso_3166_1': 'GB', 'name': 'United Kingdom'}, {'iso_3166_1': 'US', 'name': 'United States of America'}]##",2016-11-16##,809342332##,133##,"[{'iso_639_1': 'en', 'name': 'English'}]##",Released##,From J.K. Rowling's wizarding world.##,FALSE##,7.2##,5612
FALSE##,Harry Potter and the Order of the Phoenix##,150000000##,"[{'id': 12, 'name': 'Adventure'}, {'id': 14, 'name': 'Fantasy'}, {'id': 10751, 'name': 'Family'}, {'id': 9648, 'name': 'Mystery'}]##",http://www.harrypotterorderofthephoenix.com/##,675##,tt0373889##,en##,Harry Potter and the Order of the Phoenix##,"Returning for his fifth year of study at Hogwarts, Harry is stunned to find that his warnings about the return of Lord Voldemort have been ignored. Left with no choice, Harry takes matters into his own hands, training a small group of students ? dubbed 'Dumbledore's Army' ? to defend themselves against the dark arts.##",21.3643##,"[{'name': 'Warner Bros.', 'id': 6194}, {'name': 'Heyday Films', 'id': 7364}]##","[{'iso_3166_1': 'GB', 'name': 'United Kingdom'}, {'iso_3166_1': 'US', 'name': 'United States of America'}]##",2007-06-28##,938212738##,138##,"[{'iso_639_1': 'en', 'name': 'English'}]##",Released##,Evil Must Be Confronted.##,FALSE##,7.4##,5633
FALSE##,Now You See Me##,75000000##,"[{'id': 53, 'name': 'Thriller'}, {'id': 80, 'name': 'Crime'}]##",null##,75656##,tt1670345##,en##,Now You See Me##,An FBI agent and an Interpol detective track a team of illusionists who pull off bank heists during their performances and reward their audiences with the money.##,17.852022##,"[{'name': 'Summit Entertainment', 'id': 491}, {'name': 'K/O Paper Products', 'id': 7296}, {'name': 'SOIXAN7E QUIN5E', 'id': 23271}, {'name': 'See Me Louisiana', 'id': 23272}]##","[{'iso_3166_1': 'US', 'name': 'United States of America'}, {'iso_3166_1': 'FR', 'name': 'France'}]##",2013-05-29##,117698894##,115##,"[{'iso_639_1': 'fr', 'name': 'FranГ§ais'}, {'iso_639_1': 'en', 'name': 'English'}]##",Released##,4 amazing magicians. 3 impossible heists. 1 billion dollars. This is no illusion.##,FALSE##,7.3##,5635
FALSE##,World War Z##,200000000##,"[{'id': 28, 'name': 'Action'}, {'id': 18, 'name': 'Drama'}, {'id': 27, 'name': 'Horror'}, {'id': 878, 'name': 'Science Fiction'}, {'id': 53, 'name': 'Thriller'}]##",http://www.worldwarzmovie.com##,72190##,tt0816711##,en##,World War Z##,"Life for former United Nations investigator Gerry Lane and his family seems content. Suddenly, the world is plagued by a mysterious infection turning whole human populations into rampaging mindless zombies. After barely escaping the chaos, Lane is persuaded to go on a mission to investigate this disease. What follows is a perilous trek around the world where Lane must brave horrific dangers and long odds to find answers before human civilization falls.##",26.114917##,"[{'name': 'Paramount Pictures', 'id': 4}, {'name': 'GK Films', 'id': 3281}, {'name': 'Skydance Productions', 'id': 6277}, {'name': 'Hemisphere Media Capital', 'id': 9169}, {'name': 'Apparatus Productions', 'id': 11956}, {'name': 'Latina Pictures', 'id': 19108}, {'name': '2DUX©ч', 'id': 23644}]##","[{'iso_3166_1': 'US', 'name': 'United States of America'}, {'iso_3166_1': 'MT', 'name': 'Malta'}]##",2013-06-20##,531865000##,116##,"[{'iso_639_1': 'en', 'name': 'English'}]##",Released##,Remember Philly!##,FALSE##,6.7##,5683
FALSE##,Harry Potter and the Deathly Hallows: Part 1##,250000000##,"[{'id': 12, 'name': 'Adventure'}, {'id': 14, 'name': 'Fantasy'}, {'id': 10751, 'name': 'Family'}]##",http://www.harrypotter.com##,12444##,tt0926084##,en##,Harry Potter and the Deathly Hallows: Part 1##,"Harry, Ron and Hermione walk away from their last year at Hogwarts to find and destroy the remaining Horcruxes, putting an end to Voldemort's bid for immortality. But with Harry's beloved Dumbledore dead and Voldemort's unscrupulous Death Eaters on the loose, the world is more dangerous than ever.##",23.300362##,"[{'name': 'Warner Bros.', 'id': 6194}, {'name': 'Heyday Films', 'id': 7364}]##","[{'iso_3166_1': 'GB', 'name': 'United Kingdom'}, {'iso_3166_1': 'US', 'name': 'United States of America'}]##",2010-10-17##,954305868##,146##,"[{'iso_639_1': 'en', 'name': 'English'}]##",Released##,One Way, One Fate, One Hero.##,FALSE##,7.5##,5708
FALSE##,Arrival##,47000000##,"[{'id': 53, 'name': 'Thriller'}, {'id': 18, 'name': 'Drama'}, {'id': 878, 'name': 'Science Fiction'}, {'id': 9648, 'name': 'Mystery'}]##",http://www.arrivalmovie.com/##,329865##,tt2543164##,en##,Arrival##,"Taking place after alien crafts land around the world, an expert linguist is recruited by the military to determine whether they come in peace or are a threat.##",30.83786##,"[{'name': 'Paramount Pictures', 'id': 4}, {'name': '21 Laps Entertainment', 'id': 2575}, {'name': 'FilmNation Entertainment', 'id': 7493}, {'name': 'Lava Bear Films', 'id': 32300}]##","[{'iso_3166_1': 'US', 'name': 'United States of America'}]##",2016-11-10##,203388186##,113##,"[{'iso_639_1': 'zh', 'name': '??ЂљиЇќ'}, {'iso_639_1': 'en', 'name': 'English'}, {'iso_639_1': 'ru', 'name': 'P???РєРёР№'}]##",Released##,Why are they here?##,FALSE##,7.2##,5729
FALSE##,Harry Potter and the Goblet of Fire##,150000000##,"[{'id': 12, 'name': 'Adventure'}, {'id': 14, 'name': 'Fantasy'}, {'id': 10751, 'name': 'Family'}]##",http://harrypotter.warnerbros.com/##,674##,tt0330373##,en##,Harry Potter and the Goblet of Fire##,"Harry starts his fourth year at Hogwarts, competes in the treacherous Triwizard Tournament and faces the evil Lord Voldemort. Ron and Hermione help Harry manage the pressure ? but Voldemort lurks, awaiting his chance to destroy Harry and all that he stands for.##",24.903058##,"[{'name': 'Patalex IV Productions Limited', 'id': 462}, {'name': 'Warner Bros.', 'id': 6194}, {'name': 'Heyday Films', 'id': 7364}]##","[{'iso_3166_1': 'GB', 'name': 'United Kingdom'}, {'iso_3166_1': 'US', 'name': 'United States of America'}]##",2005-11-05##,895921036##,157##,"[{'iso_639_1': 'en', 'name': 'English'}, {'iso_639_1': 'fr', 'name': 'FranГ§ais'}]##",Released##,Dark And Difficult Times Lie Ahead.##,FALSE##,7.5##,5758
FALSE##,The Hunger Games: Mockingjay - Part 1##,125000000##,"[{'id': 878, 'name': 'Science Fiction'}, {'id': 12, 'name': 'Adventure'}, {'id': 53, 'name': 'Thriller'}]##",http://www.thehungergames.movie/##,131631##,tt1951265##,en##,The Hunger Games: Mockingjay - Part 1##,Katniss Everdeen reluctantly becomes the symbol of a mass rebellion against the autocratic Capitol.##,147.098006##,"[{'name': 'Lionsgate', 'id': 1632}, {'name': 'Color Force', 'id': 5420}]##","[{'iso_3166_1': 'US', 'name': 'United States of America'}]##",2014-11-18##,752100229##,123##,"[{'iso_639_1': 'en', 'name': 'English'}]##",Released##,Fire burns brighter in the darkness##,FALSE##,6.6##,5767
FALSE##,Gravity##,105000000##,"[{'id': 878, 'name': 'Science Fiction'}, {'id': 53, 'name': 'Thriller'}, {'id': 18, 'name': 'Drama'}]##",http://gravitymovie.warnerbros.com/##,49047##,tt1454468##,en##,Gravity##,"Dr。Ryan Stone, a brilliant medical engineer on her first Shuttle mission, with veteran astronaut Matt Kowalsky in command of his last flight before retiring. But on a seemingly routine spacewalk, disaster strikes. The Shuttle is destroyed, leaving Stone and Kowalsky completely alone-tethered to nothing but each other and spiraling out into the blackness of space. The deafening silence tells them they have lost any link to Earth and any chance for rescue. As fear turns to panic, every gulp of air eats away at what little oxygen is left. But the only way home may be to go further out into the terrifying expanse of space.##",18.50194##,"[{'name': 'Warner Bros.', 'id': 6194}, {'name': 'Heyday Films', 'id': 7364}, {'name': 'Esperanto Filmoj', 'id': 7470}]##","[{'iso_3166_1': 'GB', 'name': 'United Kingdom'}, {'iso_3166_1': 'US', 'name': 'United States of America'}]##",2013-09-27##,716392705##,91##,"[{'iso_639_1': 'en', 'name': 'English'}]##",Released##,Don't Let Go##,FALSE##,7.3##,5879
FALSE##,Doctor Strange##,165000000##,"[{'id': 28, 'name': 'Action'}, {'id': 12, 'name': 'Adventure'}, {'id': 14, 'name': 'Fantasy'}, {'id': 878, 'name': 'Science Fiction'}]##",http://marvel.com/doctorstrange##,284052##,tt1211837##,en##,Doctor Strange##,"After his career is destroyed, a brilliant but arrogant surgeon gets a new lease on life when a sorcerer takes him under his wing and trains him to defend the world against evil.##",43.847654##,"[{'name': 'Walt Disney Pictures', 'id': 2}, {'name': 'Marvel Studios', 'id': 420}]##","[{'iso_3166_1': 'US', 'name': 'United States of America'}]##",2016-10-25##,677718395##,115##,"[{'iso_639_1': 'en', 'name': 'English'}]##",Released##,Open your mind. Change your reality.##,FALSE##,7.1##,5880
FALSE##,Captain America: The Winter Soldier##,170000000##,"[{'id': 28, 'name': 'Action'}, {'id': 12, 'name': 'Adventure'}, {'id': 878, 'name': 'Science Fiction'}]##",http://www.captainamericathewintersoldiermovie.com##,100402##,tt1843866##,en##,Captain America: The Winter Soldier##,"After the cataclysmic events in New York with The Avengers, Steve Rogers, aka Captain America is living quietly in Washington, D.C. and trying to adjust to the modern world. But when a S.H.I.E.L.D. colleague comes under attack, Steve becomes embroiled in a web of intrigue that threatens to put the world at risk. Joining forces with the Black Widow, Captain America struggles to expose the ever-widening conspiracy while fighting off professional assassins sent to silence him at every turn. When the full scope of the villainous plot is revealed, Captain America and the Black Widow enlist the help of a new ally, the Falcon. However, they soon find themselves up against an unexpected and formidable enemy?he Winter Soldier.##",18.717704##,"[{'name': 'Marvel Studios', 'id': 420}]##","[{'iso_3166_1': 'US', 'name': 'United States of America'}]##",2014-03-20##,714766572##,136##,"[{'iso_639_1': 'en', 'name': 'English'}]##",Released##,In heroes we trust.##,FALSE##,7.6##,5881
FALSE##,Sherlock Holmes##,90000000##,"[{'id': 28, 'name': 'Action'}, {'id': 12, 'name': 'Adventure'}, {'id': 80, 'name': 'Crime'}, {'id': 9648, 'name': 'Mystery'}]##",http://sherlock-holmes-movie.warnerbros.com/##,10528##,tt0988045##,en##,Sherlock Holmes##,"Eccentric consulting detective, Sherlock Holmes and Doctor John Watson battle to bring down a new nemesis and unravel a deadly plot that could destroy England.##",15.68604##,"[{'name': 'Village Roadshow Pictures', 'id': 79}, {'name': 'Silver Pictures', 'id': 1885}, {'name': 'Warner Bros.', 'id': 6194}, {'name': 'Internationale Filmproduktion Blackbird Dritte', 'id': 19855}, {'name': 'Wigram Productions', 'id': 23202}]##","[{'iso_3166_1': 'DE', 'name': 'Germany'}, {'iso_3166_1': 'GB', 'name': 'United Kingdom'}, {'iso_3166_1': 'US', 'name': 'United States of America'}]##",2009-12-23##,524028679##,128##,"[{'iso_639_1': 'en', 'name': 'English'}, {'iso_639_1': 'fr', 'name': 'FranГ§ais'}]##",Released##,Nothing escapes him.##,FALSE##,7##,5883
FALSE##,The Imitation Game##,14000000##,"[{'id': 36, 'name': 'History'}, {'id': 18, 'name': 'Drama'}, {'id': 53, 'name': 'Thriller'}, {'id': 10752, 'name': 'War'}]##",http://theimitationgamemovie.com/##,205596##,tt2084970##,en##,The Imitation Game##,"Based on the real life story of legendary cryptanalyst Alan Turing, the film portrays the nail-biting race against time by Turing and his brilliant team of code-breakers at Britain's top-secret Government Code and Cypher School at Bletchley Park, during the darkest days of World War II.##",31.59594##,"[{'name': 'Black Bear Pictures', 'id': 22146}, {'name': 'Bristol Automotive', 'id': 38145}]##","[{'iso_3166_1': 'GB', 'name': 'United Kingdom'}]##",2014-11-14##,233555708##,113##,"[{'iso_639_1': 'en', 'name': 'English'}]##",Released##,The true enigma was the man who cracked the code.##,FALSE##,8##,5895
FALSE##,Life of Pi##,120000000##,"[{'id': 12, 'name': 'Adventure'}, {'id': 18, 'name': 'Drama'}, {'id': 28, 'name': 'Action'}]##",http://www.lifeofpimovie.com/##,87827##,tt0454876##,en##,Life of Pi##,"The story of an Indian boy named Pi, a zookeeper's son who finds himself in the company of a hyena, zebra, orangutan, and a Bengal tiger after a shipwreck sets them adrift in the Pacific Ocean.##",14.045042##,"[{'name': 'Ingenious Film Partners', 'id': 289}, {'name': 'Ingenious Media', 'id': 290}, {'name': 'Dune Entertainment', 'id': 444}, {'name': 'Fox 2000 Pictures', 'id': 711}, {'name': 'Big Screen Productions', 'id': 10893}, {'name': 'Haishang Films', 'id': 13480}]##","[{'iso_3166_1': 'US', 'name': 'United States of America'}, {'iso_3166_1': 'TW', 'name': 'Taiwan'}, {'iso_3166_1': 'GB', 'name': 'United Kingdom'}]##",2012-11-20##,609016565##,127##,"[{'iso_639_1': 'en', 'name': 'English'}, {'iso_639_1': 'fr', 'name': 'FranГ§ais'}, {'iso_639_1': 'hi', 'name': 'а¤№а¤їа¤ЁаҐЌа¤¦а?'}, {'iso_639_1': 'ja', 'name': '?Ґжњ¬иЄ?}, {'iso_639_1': 'zh', 'name': '??ЂљиЇќ'}, {'iso_639_1': 'ta', 'name': 'а®¤а?а®їа?аЇ?}]##",Released##,Believe The Unbelievable##,FALSE##,7.2##,5912
FALSE##,Se7en##,33000000##,"[{'id': 80, 'name': 'Crime'}, {'id': 9648, 'name': 'Mystery'}, {'id': 53, 'name': 'Thriller'}]##",http://www.sevenmovie.com/##,807##,tt0114369##,en##,Se7en##,"Two homicide detectives are on a desperate hunt for a serial killer whose crimes are based on the ""seven deadly sins"" in this dark and haunting film that takes viewers from the tortured remains of one victim to the next. The seasoned Det. Sommerset researches each sin in an effort to get inside the killer's mind, while his novice partner, Mills, scoffs at his efforts to unravel the case.##",18.45743##,"[{'name': 'New Line Cinema', 'id': 12}, {'name': 'Juno Pix', 'id': 4286}, {'name': 'Cecchi Gori Pictures', 'id': 65394}]##","[{'iso_3166_1': 'US', 'name': 'United States of America'}]##",1995-09-22##,327311859##,127##,"[{'iso_639_1': 'en', 'name': 'English'}]##",Released##,Seven deadly sins. Seven ways to die.##,FALSE##,8.1##,5915
FALSE##,Harry Potter and the Chamber of Secrets##,100000000##,"[{'id': 12, 'name': 'Adventure'}, {'id': 14, 'name': 'Fantasy'}, {'id': 10751, 'name': 'Family'}]##",null##,672##,tt0295297##,en##,Harry Potter and the Chamber of Secrets##,"Ignoring threats to his life, Harry returns to Hogwarts to investigate ? aided by Ron and Hermione ? a mysterious series of attacks.##",29.741452##,"[{'name': '1492 Pictures', 'id': 436}, {'name': 'Heyday films', 'id': 437}, {'name': 'Warner Bros.', 'id': 6194}]##","[{'iso_3166_1': 'DE', 'name': 'Germany'}, {'iso_3166_1': 'GB', 'name': 'United Kingdom'}, {'iso_3166_1': 'US', 'name': 'United States of America'}]##",2002-11-13##,876688482##,161##,"[{'iso_639_1': 'en', 'name': 'English'}]##",Released##,Hogwarts is back in session.##,FALSE##,7.4##,5966
FALSE##,The Empire Strikes Back##,18000000##,"[{'id': 12, 'name': 'Adventure'}, {'id': 28, 'name': 'Action'}, {'id': 878, 'name': 'Science Fiction'}]##",http://www.starwars.com/films/star-wars-episode-v-the-empire-strikes-back##,1891##,tt0080684##,en##,The Empire Strikes Back##,"The epic saga continues as Luke Skywalker, in hopes of defeating the evil Galactic Empire, learns the ways of the Jedi from aging master Yoda. But Darth Vader is more determined than ever to capture Luke. Meanwhile, rebel leader Princess Leia, cocky Han Solo, Chewbacca, and droids C-3PO and R2-D2 are thrown into various stages of capture, betrayal and despair.##",19.470959##,"[{'name': 'Lucasfilm', 'id': 1}, {'name': 'Twentieth Century Fox Film Corporation', 'id': 306}]##","[{'iso_3166_1': 'US', 'name': 'United States of America'}]##",1980-05-17##,538400000##,124##,"[{'iso_639_1': 'en', 'name': 'English'}]##",Released##,The Adventure Continues...##,FALSE##,8.2##,5998
FALSE##,Gone Girl##,61000000##,"[{'id': 9648, 'name': 'Mystery'}, {'id': 53, 'name': 'Thriller'}, {'id': 18, 'name': 'Drama'}]##",http://www.gonegirlmovie.com/##,210577##,tt2267998##,en##,Gone Girl##,"With his wife's disappearance having become the focus of an intense media circus, a man sees the spotlight turned on him when it's suspected that he may not be innocent.##",154.801009##,"[{'name': 'Twentieth Century Fox Film Corporation', 'id': 306}, {'name': 'Regency Enterprises', 'id': 508}, {'name': 'New Regency Pictures', 'id': 10104}, {'name': 'Pacific Standard', 'id': 15829}, {'name': 'TSG Entertainment', 'id': 22213}, {'name': 'Artemple - Hollywood', 'id': 60682}]##","[{'iso_3166_1': 'US', 'name': 'United States of America'}]##",2014-10-01##,369330363##,145##,"[{'iso_639_1': 'en', 'name': 'English'}]##",Released##,You don't know what you've got 'til it's...##,FALSE##,7.9##,6023
FALSE##,The Godfather##,6000000##,"[{'id': 18, 'name': 'Drama'}, {'id': 80, 'name': 'Crime'}]##",http://www.thegodfather.com/##,238##,tt0068646##,en##,The Godfather##,"Spanning the years 1945 to 1955, a chronicle of the fictional Italian-American Corleone crime family. When organized crime family patriarch, Vito Corleone barely survives an attempt on his life, his youngest son, Michael steps in to take care of the would-be killers, launching a campaign of bloody revenge.##",41.109264##,"[{'name': 'Paramount Pictures', 'id': 4}, {'name': 'Alfran Productions', 'id': 10211}]##","[{'iso_3166_1': 'US', 'name': 'United States of America'}]##",1972-03-14##,245066411##,175##,"[{'iso_639_1': 'en', 'name': 'English'}, {'iso_639_1': 'it', 'name': 'Italiano'}, {'iso_639_1': 'la', 'name': 'Latin'}]##",Released##,An offer you can't refuse.##,FALSE##,8.5##,6024
FALSE##,Ant-Man##,130000000##,"[{'id': 878, 'name': 'Science Fiction'}, {'id': 28, 'name': 'Action'}, {'id': 12, 'name': 'Adventure'}]##",http://marvel.com/movies/movie/180/ant-man##,102899##,tt0478970##,en##,Ant-Man##,"Armed with the astonishing ability to shrink in scale but increase in strength, master thief Scott Lang must embrace his inner-hero and help his mentor, Doctor Hank Pym, protect the secret behind his spectacular Ant-Man suit from a new generation of towering threats. Against seemingly insurmountable obstacles, Pym and Lang must plan and pull off a heist that will save the world.##",26.882388##,"[{'name': 'Marvel Studios', 'id': 420}]##","[{'iso_3166_1': 'US', 'name': 'United States of America'}]##",2015-07-14##,519311965##,117##,"[{'iso_639_1': 'en', 'name': 'English'}]##",Released##,Heroes don't get any bigger.##,FALSE##,7##,6029
FALSE##,Harry Potter and the Prisoner of Azkaban##,130000000##,"[{'id': 12, 'name': 'Adventure'}, {'id': 14, 'name': 'Fantasy'}, {'id': 10751, 'name': 'Family'}]##",null##,673##,tt0304141##,en##,Harry Potter and the Prisoner of Azkaban##,"Harry, Ron and Hermione return to Hogwarts for another magic-filled year. Harry comes face to face with danger yet again, this time in the form of escaped convict, Sirius Black?and turns to sympathetic Professor Lupin for help.##",28.460276##,"[{'name': '1492 Pictures', 'id': 436}, {'name': 'Heyday films', 'id': 437}, {'name': 'Warner Bros.', 'id': 6194}]##","[{'iso_3166_1': 'GB', 'name': 'United Kingdom'}, {'iso_3166_1': 'US', 'name': 'United States of America'}]##",2004-05-31##,789804554##,141##,"[{'iso_639_1': 'en', 'name': 'English'}]##",Released##,Something wicked this way comes.##,FALSE##,7.7##,6037
FALSE##,Lucy##,40000000##,"[{'id': 28, 'name': 'Action'}, {'id': 878, 'name': 'Science Fiction'}]##",http://lucymovie.com/##,240832##,tt2872732##,en##,Lucy##,"A woman, accidentally caught in a dark deal, turns the tables on her captors and transforms into a merciless warrior evolved beyond human logic.##",36.447603##,"[{'name': 'Universal Pictures', 'id': 33}, {'name': 'TF1 Films Production', 'id': 3823}, {'name': 'Canal+', 'id': 5358}, {'name': 'EuropaCorp', 'id': 6896}, {'name': 'Cin?ma+', 'id': 23616}]##","[{'iso_3166_1': 'FR', 'name': 'France'}, {'iso_3166_1': 'US', 'name': 'United States of America'}]##",2014-07-14##,126546825##,89##,"[{'iso_639_1': 'zh', 'name': '??ЂљиЇќ'}, {'iso_639_1': 'en', 'name': 'English'}, {'iso_639_1': 'fr', 'name': 'FranГ§ais'}, {'iso_639_1': 'es', 'name': 'EspaГ±ol'}, {'iso_639_1': 'ko', 'name': '?њкµ­??мЎ°м„ л§?}]##",Released##,The average person uses 10% of their brain capacity. Imagine what she could do with 100%.##,FALSE##,6.3##,6048
FALSE##,Kingsman: The Secret Service##,81000000##,"[{'id': 80, 'name': 'Crime'}, {'id': 35, 'name': 'Comedy'}, {'id': 28, 'name': 'Action'}, {'id': 12, 'name': 'Adventure'}]##",http://www.kingsmanmovie.com/##,207703##,tt2802144##,en##,Kingsman: The Secret Service##,The story of a super-secret spy organization that recruits an unrefined but promising street kid into the agency's ultra-competitive training program just as a global threat emerges from a twisted tech genius.##,28.224212##,"[{'name': 'Twentieth Century Fox Film Corporation', 'id': 306}, {'name': 'Marv Films', 'id': 5374}, {'name': 'TSG Entertainment', 'id': 22213}, {'name': 'Cloudy Productions', 'id': 78995}]##","[{'iso_3166_1': 'GB', 'name': 'United Kingdom'}, {'iso_3166_1': 'US', 'name': 'United States of America'}]##",2015-01-29##,414351546##,130##,"[{'iso_639_1': 'en', 'name': 'English'}]##",Released##,Manners maketh man.##,FALSE##,7.6##,6069
FALSE##,Harry Potter and the Deathly Hallows: Part 2##,125000000##,"[{'id': 10751, 'name': 'Family'}, {'id': 14, 'name': 'Fantasy'}, {'id': 12, 'name': 'Adventure'}]##",http://www.harrypotter.com##,12445##,tt1201607##,en##,Harry Potter and the Deathly Hallows: Part 2##,"Harry, Ron and Hermione continue their quest to vanquish the evil Voldemort once and for all. Just as things begin to look hopeless for the young wizards, Harry discovers a trio of magical objects that endow him with powers to rival Voldemort's formidable skills.##",24.990737##,"[{'name': 'Warner Bros.', 'id': 6194}, {'name': 'Heyday Films', 'id': 7364}]##","[{'iso_3166_1': 'GB', 'name': 'United Kingdom'}, {'iso_3166_1': 'US', 'name': 'United States of America'}]##",2011-07-07##,1342000000##,130##,"[{'iso_639_1': 'en', 'name': 'English'}]##",Released##,It all ends here.##,FALSE##,7.9##,6141
FALSE##,Monsters, Inc.##,115000000##,"[{'id': 16, 'name': 'Animation'}, {'id': 35, 'name': 'Comedy'}, {'id': 10751, 'name': 'Family'}]##",http://movies.disney.com/monsters-inc##,585##,tt0198781##,en##,Monsters, Inc.##,"James Sullivan and Mike Wazowski are monsters, they earn their living scaring children and are the best in the business... even though they're more afraid of the children than they are of them. When a child accidentally enters their world, James and Mike suddenly find that kids are not to be afraid of and they uncover a conspiracy that could threaten all children across the world.##",26.419962##,"[{'name': 'Walt Disney Pictures', 'id': 2}, {'name': 'Pixar Animation Studios', 'id': 3}]##","[{'iso_3166_1': 'US', 'name': 'United States of America'}]##",2001-11-01##,562816256##,92##,"[{'iso_639_1': 'en', 'name': 'English'}]##",Released##,We Scare Because We Care.##,FALSE##,7.5##,6150
FALSE##,X-Men: Days of Future Past##,250000000##,"[{'id': 28, 'name': 'Action'}, {'id': 12, 'name': 'Adventure'}, {'id': 14, 'name': 'Fantasy'}, {'id': 878, 'name': 'Science Fiction'}]##",http://www.x-menmovies.com/##,127585##,tt1877832##,en##,X-Men: Days of Future Past##,The ultimate X-Men ensemble fights a war for the survival of the species across two time periods as they join forces with their younger selves in an epic battle that must change the past ? to save our future.##,26.058586##,"[{'name': 'Twentieth Century Fox Film Corporation', 'id': 306}, {'name': ""Donners' Company"", 'id': 431}, {'name': 'Marvel Entertainment', 'id': 7505}, {'name': 'Bad Hat Harry Productions', 'id': 9168}, {'name': 'TSG Entertainment', 'id': 22213}, {'name': 'Down Productions', 'id': 37336}, {'name': 'Revolution Sun Studios', 'id': 76043}]##","[{'iso_3166_1': 'GB', 'name': 'United Kingdom'}, {'iso_3166_1': 'US', 'name': 'United States of America'}]##",2014-05-15##,747862775##,131##,"[{'iso_639_1': 'en', 'name': 'English'}]##",Released##,To save the future, they must alter the past##,FALSE##,7.5##,6155
FALSE##,Back to the Future##,19000000##,"[{'id': 12, 'name': 'Adventure'}, {'id': 35, 'name': 'Comedy'}, {'id': 878, 'name': 'Science Fiction'}, {'id': 10751, 'name': 'Family'}]##",http://www.backtothefuture.com/movies/backtothefuture1##,105##,tt0088763##,en##,Back to the Future##,"Eighties teenager Marty McFly is accidentally sent back in time to 1955, inadvertently disrupting his parents' first meeting and attracting his mother's romantic interest. Marty must repair the damage to history by rekindling his parents' romance and - with the help of his eccentric inventor friend Doc Brown - return to 1985.##",25.778509##,"[{'name': 'Universal Pictures', 'id': 33}, {'name': 'Amblin Entertainment', 'id': 56}, {'name': 'U-Drive Productions', 'id': 20448}]##","[{'iso_3166_1': 'US', 'name': 'United States of America'}]##",1985-07-03##,381109762##,116##,"[{'iso_639_1': 'en', 'name': 'English'}]##",Released##,He's the only kid ever to get into trouble before he was born.##,FALSE##,8##,6239
FALSE##,Big Hero 6##,165000000##,"[{'id': 12, 'name': 'Adventure'}, {'id': 10751, 'name': 'Family'}, {'id': 16, 'name': 'Animation'}, {'id': 28, 'name': 'Action'}, {'id': 35, 'name': 'Comedy'}]##",http://movies.disney.com/big-hero-6##,177572##,tt2245084##,en##,Big Hero 6##,"The special bond that develops between plus-sized inflatable robot Baymax, and prodigy Hiro Hamada, who team up with a group of friends to form a band of high-tech heroes.##",213.849907##,"[{'name': 'Walt Disney Pictures', 'id': 2}, {'name': 'Walt Disney Animation Studios', 'id': 6125}]##","[{'iso_3166_1': 'US', 'name': 'United States of America'}]##",2014-10-24##,652105443##,102##,"[{'iso_639_1': 'en', 'name': 'English'}]##",Released##,From the creators of Wreck-it Ralph and Frozen##,FALSE##,7.8##,6289
FALSE##,Finding Nemo##,94000000##,"[{'id': 16, 'name': 'Animation'}, {'id': 10751, 'name': 'Family'}]##",http://movies.disney.com/finding-nemo##,12##,tt0266543##,en##,Finding Nemo##,"Nemo, an adventurous young clownfish, is unexpectedly taken from his Great Barrier Reef home to a dentist's office aquarium. It's up to his worrisome father Marlin and a friendly but forgetful fish Dory to bring Nemo home -- meeting vegetarian sharks, surfer dude turtles, hypnotic jellyfish, hungry seagulls, and more along the way.##",25.497794##,"[{'name': 'Pixar Animation Studios', 'id': 3}]##","[{'iso_3166_1': 'US', 'name': 'United States of America'}]##",2003-05-30##,940335536##,100##,"[{'iso_639_1': 'en', 'name': 'English'}]##",Released##,There are 3.7 trillion fish in the ocean. They're looking for one.##,FALSE##,7.6##,6292
FALSE##,Logan##,97000000##,"[{'id': 28, 'name': 'Action'}, {'id': 18, 'name': 'Drama'}, {'id': 878, 'name': 'Science Fiction'}]##",http://www.foxmovies.com/movies/logan##,263115##,tt3315342##,en##,Logan##,"In the near future, a weary Logan cares for an ailing Professor X in a hideout on the Mexican border. But Logan's attempts to hide from the world and his legacy are upended when a young mutant arrives, pursued by dark forces.##",54.581997##,"[{'name': 'Twentieth Century Fox Film Corporation', 'id': 306}, {'name': ""Donners' Company"", 'id': 431}, {'name': 'Marvel Entertainment', 'id': 7505}, {'name': 'TSG Entertainment', 'id': 22213}]##","[{'iso_3166_1': 'US', 'name': 'United States of America'}]##",2017-02-28##,616801808##,137##,"[{'iso_639_1': 'en', 'name': 'English'}, {'iso_639_1': 'es', 'name': 'EspaГ±ol'}]##",Released##,His time has come##,FALSE##,7.6##,6310
FALSE##,The Hangover##,35000000##,"[{'id': 35, 'name': 'Comedy'}]##",http://hangoverpart2.warnerbros.com/dvd/##,18785##,tt1119646##,en##,The Hangover##,"When three friends finally come to after a raucous night of bachelor-party revelry, they find a baby in the closet and a tiger in the bathroom. But they can't seem to locate their best friend, Doug ? who's supposed to be tying the knot. Launching a frantic search for Doug, the trio perseveres through a nasty hangover to try to make it to the church on time.##",23.947351##,"[{'name': 'Legendary Pictures', 'id': 923}, {'name': 'Green Hat Films', 'id': 3527}, {'name': 'Warner Bros.', 'id': 6194}, {'name': 'IFP Westcoast Erste', 'id': 12235}]##","[{'iso_3166_1': 'DE', 'name': 'Germany'}, {'iso_3166_1': 'US', 'name': 'United States of America'}]##",2009-06-05##,459270619##,100##,"[{'iso_639_1': 'en', 'name': 'English'}]##",Released##,Some guys just can't handle Vegas.##,FALSE##,7.2##,6324
FALSE##,WALL-E##,180000000##,"[{'id': 16, 'name': 'Animation'}, {'id': 10751, 'name': 'Family'}]##",http://disney.go.com/disneypictures/wall-e/##,10681##,tt0910970##,en##,WALL-E##,"WALL-E is the last robot left on an Earth that has been overrun with garbage and all humans have fled to outer space. For 700 years he has continued to try and clean up the mess, but has developed some rather interesting human-like qualities. When a ship arrives with a sleek new type of robot, WALL-E thinks he's finally found a friend and stows away on the ship when it leaves.##",16.088366##,"[{'name': 'Walt Disney Pictures', 'id': 2}, {'name': 'Pixar Animation Studios', 'id': 3}, {'name': 'FortyFour Studios', 'id': 93408}]##","[{'iso_3166_1': 'US', 'name': 'United States of America'}]##",2008-06-22##,521311860##,98##,"[{'iso_639_1': 'en', 'name': 'English'}]##",Released##,An adventure beyond the ordinar-E.##,FALSE##,7.8##,6439
FALSE##,Man of Steel##,225000000##,"[{'id': 28, 'name': 'Action'}, {'id': 12, 'name': 'Adventure'}, {'id': 14, 'name': 'Fantasy'}, {'id': 878, 'name': 'Science Fiction'}]##",http://www.manofsteel.com/##,49521##,tt0770828##,en##,Man of Steel##,"A young boy learns that he has extraordinary powers and is not of this earth. As a young man, he journeys to discover where he came from and what he was sent here to do. But the hero in him must emerge if he is to save the world from annihilation and become the symbol of hope for all mankind.##",18.538834##,"[{'name': 'Legendary Pictures', 'id': 923}, {'name': 'Warner Bros.', 'id': 6194}, {'name': 'DC Entertainment', 'id': 9993}, {'name': 'Syncopy', 'id': 9996}, {'name': 'Cruel and Unusual Films', 'id': 78685}]##","[{'iso_3166_1': 'GB', 'name': 'United Kingdom'}, {'iso_3166_1': 'US', 'name': 'United States of America'}]##",2013-06-12##,662845518##,143##,"[{'iso_639_1': 'en', 'name': 'English'}]##",Released##,You will believe that a man can fly.##,FALSE##,6.5##,6462
FALSE##,The Revenant##,135000000##,"[{'id': 37, 'name': 'Western'}, {'id': 18, 'name': 'Drama'}, {'id': 12, 'name': 'Adventure'}, {'id': 53, 'name': 'Thriller'}]##",http://www.foxmovies.com/movies/the-revenant##,281957##,tt1663202##,en##,The Revenant##,"In the 1820s, a frontiersman, Hugh Glass, sets out on a path of vengeance against those who left him for dead after a bear mauling.##",23.501228##,"[{'name': 'Regency Enterprises', 'id': 508}, {'name': 'Appian Way', 'id': 562}, {'name': 'CatchPlay', 'id': 8870}, {'name': 'Anonymous Content', 'id': 10039}, {'name': 'New Regency Pictures', 'id': 10104}, {'name': 'Hong Kong Alpha Motion Pictures Co.', 'id': 13796}, {'name': 'RatPac Entertainment', 'id': 28732}, {'name': 'M Productions', 'id': 52660}, {'name': 'Monarchy Enterprises S.a.r.l.', 'id': 77845}]##","[{'iso_3166_1': 'CA', 'name': 'Canada'}, {'iso_3166_1': 'HK', 'name': 'Hong Kong'}, {'iso_3166_1': 'TW', 'name': 'Taiwan'}, {'iso_3166_1': 'US', 'name': 'United States of America'}]##",2015-12-25##,532950503##,156##,"[{'iso_639_1': 'en', 'name': 'English'}, {'iso_639_1': 'fr', 'name': 'FranГ§ais'}]##",Released##,(n. One who has returned, as if from the dead.)##,FALSE##,7.3##,6558
FALSE##,Shutter Island##,80000000##,"[{'id': 18, 'name': 'Drama'}, {'id': 53, 'name': 'Thriller'}, {'id': 9648, 'name': 'Mystery'}]##",http://www.shutterisland.com/##,11324##,tt1130884##,en##,Shutter Island##,"World War II soldier-turned-U.S. Marshal Teddy Daniels investigates the disappearance of a patient from a hospital for the criminally insane, but his efforts are compromised by his troubling visions and also by a mysterious doctor.##",15.813629##,"[{'name': 'Paramount Pictures', 'id': 4}, {'name': 'Appian Way', 'id': 562}, {'name': 'Phoenix Pictures', 'id': 11317}, {'name': 'Sikelia Productions', 'id': 23243}]##","[{'iso_3166_1': 'US', 'name': 'United States of America'}]##",2010-02-18##,294804195##,138##,"[{'iso_639_1': 'en', 'name': 'English'}, {'iso_639_1': 'de', 'name': 'Deutsch'}]##",Released##,Someone is missing.##,FALSE##,7.8##,6559
FALSE##,Despicable Me##,69000000##,"[{'id': 16, 'name': 'Animation'}, {'id': 10751, 'name': 'Family'}]##",http://www.despicable.me/##,20352##,tt1323594##,en##,Despicable Me##,"Villainous Gru lives up to his reputation as a despicable, deplorable and downright unlikable guy when he hatches a plan to steal the moon from the sky. But he has a tough time staying on task after three orphans land in his care.##",22.274502##,"[{'name': 'Universal Pictures', 'id': 33}, {'name': 'Illumination Entertainment', 'id': 6704}]##","[{'iso_3166_1': 'US', 'name': 'United States of America'}]##",2010-07-08##,543513985##,95##,"[{'iso_639_1': 'en', 'name': 'English'}]##",Released##,Superbad. Superdad.##,FALSE##,7.1##,6595
FALSE##,Inglourious Basterds##,70000000##,"[{'id': 18, 'name': 'Drama'}, {'id': 28, 'name': 'Action'}, {'id': 53, 'name': 'Thriller'}, {'id': 10752, 'name': 'War'}]##",http://www.inglouriousbasterds-movie.com/##,16869##,tt0361748##,en##,Inglourious Basterds##,"In Nazi-occupied France during World War II, a group of Jewish-American soldiers known as ""The Basterds"" are chosen specifically to spread fear throughout the Third Reich by scalping and brutally killing Nazis. The Basterds, lead by Lt. Aldo Raine soon cross paths with a French-Jewish teenage girl who runs a movie theater in Paris which is targeted by the soldiers.##",16.89564##,"[{'name': 'Universal Pictures', 'id': 33}, {'name': 'A Band Apart', 'id': 59}, {'name': 'The Weinstein Company', 'id': 308}, {'name': 'Zehnte Babelsberg', 'id': 6817}, {'name': 'Visiona Romantica', 'id': 6818}]##","[{'iso_3166_1': 'DE', 'name': 'Germany'}, {'iso_3166_1': 'US', 'name': 'United States of America'}]##",2009-08-18##,319131050##,153##,"[{'iso_639_1': 'de', 'name': 'Deutsch'}, {'iso_639_1': 'en', 'name': 'English'}, {'iso_639_1': 'fr', 'name': 'FranГ§ais'}, {'iso_639_1': 'it', 'name': 'Italiano'}]##",Released##,Once upon a time in Nazi occupied France...##,FALSE##,7.9##,6598
FALSE##,The Hunger Games: Catching Fire##,130000000##,"[{'id': 12, 'name': 'Adventure'}, {'id': 28, 'name': 'Action'}, {'id': 878, 'name': 'Science Fiction'}]##",http://www.thehungergames.movie/##,101299##,tt1951264##,en##,The Hunger Games: Catching Fire##,"Katniss Everdeen has returned home safe after winning the 74th Annual Hunger Games along with fellow tribute Peeta Mellark. Winning means that they must turn around and leave their family and close friends, embarking on a ""Victor's Tour"" of the districts. Along the way Katniss senses that a rebellion is simmering, but the Capitol is still very much in control as President Snow prepares the 75th Annual Hunger Games (The Quarter Quell) - a competition that could change Panem forever.##",25.309139##,"[{'name': 'Lionsgate', 'id': 1632}, {'name': 'Color Force', 'id': 5420}]##","[{'iso_3166_1': 'US', 'name': 'United States of America'}]##",2013-11-15##,847423452##,146##,"[{'iso_639_1': 'en', 'name': 'English'}]##",Released##,Every revolution begins with a spark.##,FALSE##,7.4##,6656
FALSE##,Thor##,150000000##,"[{'id': 12, 'name': 'Adventure'}, {'id': 14, 'name': 'Fantasy'}, {'id': 28, 'name': 'Action'}]##",http://thor.marvel.com/##,10195##,tt0800369##,en##,Thor##,"Against his father Odin's will, The Mighty Thor - a powerful but arrogant warrior god - recklessly reignites an ancient war. Thor is cast down to Earth and forced to live among humans as punishment. Once here, Thor learns what it takes to be a true hero when the most dangerous villain of his world sends the darkest forces of Asgard to invade Earth.##",29.158489##,"[{'name': 'Marvel Studios', 'id': 420}]##","[{'iso_3166_1': 'US', 'name': 'United States of America'}]##",2011-04-21##,449326618##,115##,"[{'iso_639_1': 'en', 'name': 'English'}]##",Released##,Two worlds. One hero.##,FALSE##,6.6##,6678
FALSE##,The Amazing Spider-Man##,215000000##,"[{'id': 28, 'name': 'Action'}, {'id': 12, 'name': 'Adventure'}, {'id': 14, 'name': 'Fantasy'}]##",http://www.theamazingspiderman.com##,1930##,tt0948470##,en##,The Amazing Spider-Man##,"Peter Parker is an outcast high schooler abandoned by his parents as a boy, leaving him to be raised by his Uncle Ben and Aunt May. Like most teenagers, Peter is trying to figure out who he is and how he got to be the person he is today. As Peter discovers a mysterious briefcase that belonged to his father, he begins a quest to understand his parents' disappearance ? leading him directly to Oscorp and the lab of Dr. Curt Connors, his father's former partner. As Spider-Man is set on a collision course with Connors' alter ego, The Lizard, Peter will make life-altering choices to use his powers and shape his destiny to become a hero.##",31.102267##,"[{'name': 'Columbia Pictures', 'id': 5}, {'name': 'Laura Ziskin Productions', 'id': 326}, {'name': 'Marvel Entertainment', 'id': 7505}]##","[{'iso_3166_1': 'US', 'name': 'United States of America'}]##",2012-06-27##,752215857##,136##,"[{'iso_639_1': 'en', 'name': 'English'}]##",Released##,The untold story begins.##,FALSE##,6.5##,6734
FALSE##,Inside Out##,175000000##,"[{'id': 18, 'name': 'Drama'}, {'id': 35, 'name': 'Comedy'}, {'id': 16, 'name': 'Animation'}, {'id': 10751, 'name': 'Family'}]##",http://movies.disney.com/inside-out##,150540##,tt2096673##,en##,Inside Out##,"Growing up can be a bumpy road, and it's no exception for Riley, who is uprooted from her Midwest life when her father starts a new job in San Francisco. Like all of us, Riley is guided by her emotions - Joy, Fear, Anger, Disgust and Sadness. The emotions live in Headquarters, the control center inside Riley's mind, where they help advise her through everyday life. As Riley and her emotions struggle to adjust to a new life in San Francisco, turmoil ensues in Headquarters. Although Joy, Riley's main and most important emotion, tries to keep things positive, the emotions conflict on how best to navigate a new city, house and school.##",23.985587##,"[{'name': 'Walt Disney Pictures', 'id': 2}, {'name': 'Pixar Animation Studios', 'id': 3}]##","[{'iso_3166_1': 'US', 'name': 'United States of America'}]##",2015-06-09##,857611174##,94##,"[{'iso_639_1': 'en', 'name': 'English'}]##",Released##,Meet the little voices inside your head.##,FALSE##,7.9##,6737
FALSE##,The Wolf of Wall Street##,100000000##,"[{'id': 80, 'name': 'Crime'}, {'id': 18, 'name': 'Drama'}, {'id': 35, 'name': 'Comedy'}]##",http://www.thewolfofwallstreet.com/##,106646##,tt0993846##,en##,The Wolf of Wall Street##,"A New York stockbroker refuses to cooperate in a large securities fraud case involving corruption on Wall Street, corporate banking world and mob infiltration. Based on Jordan Belfort's autobiography.##",16.382422##,"[{'name': 'Paramount Pictures', 'id': 4}, {'name': 'Appian Way', 'id': 562}, {'name': 'EMJAG Productions', 'id': 14654}, {'name': 'Red Granite Pictures', 'id': 19177}, {'name': 'Sikelia Productions', 'id': 23243}]##","[{'iso_3166_1': 'US', 'name': 'United States of America'}]##",2013-12-25##,392000694##,180##,"[{'iso_639_1': 'fr', 'name': 'FranГ§ais'}, {'iso_639_1': 'en', 'name': 'English'}]##",Released##,EARN. SPEND. PARTY.##,FALSE##,7.9##,6768
FALSE##,Star Wars##,11000000##,"[{'id': 12, 'name': 'Adventure'}, {'id': 28, 'name': 'Action'}, {'id': 878, 'name': 'Science Fiction'}]##",http://www.starwars.com/films/star-wars-episode-iv-a-new-hope##,11##,tt0076759##,en##,Star Wars##,Princess Leia is captured and held hostage by the evil Imperial forces in their effort to take over the galactic Empire. Venturesome Luke Skywalker and dashing captain Han Solo team together with the loveable robot duo R2-D2 and C-3PO to rescue the beautiful princess and restore peace and justice in the Empire.##,42.149697##,"[{'name': 'Lucasfilm', 'id': 1}, {'name': 'Twentieth Century Fox Film Corporation', 'id': 306}]##","[{'iso_3166_1': 'US', 'name': 'United States of America'}]##",1977-05-25##,775398007##,121##,"[{'iso_639_1': 'en', 'name': 'English'}]##",Released##,A long time ago in a galaxy far, far away...##,FALSE##,8.1##,6778
FALSE##,Avengers: Age of Ultron##,280000000##,"[{'id': 28, 'name': 'Action'}, {'id': 12, 'name': 'Adventure'}, {'id': 878, 'name': 'Science Fiction'}]##",http://marvel.com/movies/movie/193/avengers_age_of_ultron##,99861##,tt2395427##,en##,Avengers: Age of Ultron##,"When Tony Stark tries to jumpstart a dormant peacekeeping program, things go awry and Earth's Mightiest Heroes are put to the ultimate test as the fate of the planet hangs in the balance. As the villainous Ultron emerges, it is up to The Avengers to stop him from enacting his terrible plans, and soon uneasy alliances and unexpected action pave the way for an epic and unique global adventure.##",37.37942##,"[{'name': 'Marvel Studios', 'id': 420}, {'name': 'Prime Focus', 'id': 15357}, {'name': 'Revolution Sun Studios', 'id': 76043}]##","[{'iso_3166_1': 'US', 'name': 'United States of America'}]##",2015-04-22##,1405403694##,141##,"[{'iso_639_1': 'en', 'name': 'English'}]##",Released##,A New Age Has Come.##,FALSE##,7.3##,6908
FALSE##,Iron Man 2##,200000000##,"[{'id': 12, 'name': 'Adventure'}, {'id': 28, 'name': 'Action'}, {'id': 878, 'name': 'Science Fiction'}]##",http://www.ironmanmovie.com/##,10138##,tt1228705##,en##,Iron Man 2##,"With the world now aware of his dual life as the armored superhero Iron Man, billionaire inventor Tony Stark faces pressure from the government, the press and the public to share his technology with the military. Unwilling to let go of his invention, Stark, with Pepper Potts and James 'Rhodey' Rhodes at his side, must forge new alliances ? and confront powerful enemies.##",19.083344##,"[{'name': 'Marvel Studios', 'id': 420}]##","[{'iso_3166_1': 'US', 'name': 'United States of America'}]##",2010-04-28##,623933331##,124##,"[{'iso_639_1': 'en', 'name': 'English'}, {'iso_639_1': 'ru', 'name': 'P???РєРёР№'}, {'iso_639_1': 'fr', 'name': 'FranГ§ais'}]##",Released##,It's not the armor that makes the hero, but the man inside.##,FALSE##,6.6##,6969
FALSE##,Up##,175000000##,"[{'id': 16, 'name': 'Animation'}, {'id': 35, 'name': 'Comedy'}, {'id': 10751, 'name': 'Family'}, {'id': 12, 'name': 'Adventure'}]##",http://disney.go.com/disneypictures/up/##,14160##,tt1049413##,en##,Up##,"Carl Fredricksen spent his entire life dreaming of exploring the globe and experiencing life to its fullest. But at age 78, life seems to have passed him by, until a twist of fate (and a persistent 8-year old Wilderness Explorer named Russell) gives him a new lease on life.##",19.330884##,"[{'name': 'Pixar Animation Studios', 'id': 3}]##","[{'iso_3166_1': 'US', 'name': 'United States of America'}]##",2009-05-13##,735099082##,96##,"[{'iso_639_1': 'en', 'name': 'English'}]##",Released##,null##,FALSE##,7.8##,7048
FALSE##,Captain America: The First Avenger##,140000000##,"[{'id': 28, 'name': 'Action'}, {'id': 12, 'name': 'Adventure'}, {'id': 878, 'name': 'Science Fiction'}]##",http://captainamerica.marvel.com/##,1771##,tt0458339##,en##,Captain America: The First Avenger##,"Predominantly set during World War II, Steve Rogers is a sickly man from Brooklyn who's transformed into super-soldier Captain America to aid in the war effort. Rogers must stop the Red Skull ?Adolf Hitler's ruthless head of weaponry, and the leader of an organization that intends to use a mysterious device of untold powers for world domination.##",19.323582##,"[{'name': 'Paramount Pictures', 'id': 4}, {'name': 'Marvel Studios', 'id': 420}]##","[{'iso_3166_1': 'US', 'name': 'United States of America'}]##",2011-07-22##,370569774##,124##,"[{'iso_639_1': 'fr', 'name': 'FranГ§ais'}, {'iso_639_1': 'no', 'name': 'Norsk'}, {'iso_639_1': 'en', 'name': 'English'}]##",Released##,When patriots become heroes##,FALSE##,6.6##,7174
FALSE##,Harry Potter and the Philosopher's Stone##,125000000##,"[{'id': 12, 'name': 'Adventure'}, {'id': 14, 'name': 'Fantasy'}, {'id': 10751, 'name': 'Family'}]##",http://harrypotter.warnerbros.com/harrypotterandthedeathlyhallows/mainsite/index.html##,671##,tt0241527##,en##,Harry Potter and the Philosopher's Stone##,"Harry Potter has lived under the stairs at his aunt and uncle's house his whole life. But on his 11th birthday, he learns he's a powerful wizard -- with a place waiting for him at the Hogwarts School of Witchcraft and Wizardry. As he learns to harness his newfound powers with the help of the school's kindly headmaster, Harry uncovers the truth about his parents' deaths -- and about the villain who's to blame.##",38.187238##,"[{'name': '1492 Pictures', 'id': 436}, {'name': 'Warner Bros.', 'id': 6194}, {'name': 'Heyday Films', 'id': 7364}]##","[{'iso_3166_1': 'GB', 'name': 'United Kingdom'}, {'iso_3166_1': 'US', 'name': 'United States of America'}]##",2001-11-16##,976475550##,152##,"[{'iso_639_1': 'en', 'name': 'English'}]##",Released##,Let the Magic Begin.##,FALSE##,7.5##,7188
FALSE##,Batman v Superman: Dawn of Justice##,250000000##,"[{'id': 28, 'name': 'Action'}, {'id': 12, 'name': 'Adventure'}, {'id': 14, 'name': 'Fantasy'}]##",http://www.batmanvsupermandawnofjustice.com/##,209112##,tt2975590##,en##,Batman v Superman: Dawn of Justice##,"Fearing the actions of a god-like Super Hero left unchecked, Gotham City's own formidable, forceful vigilante takes on Metropolis's most revered, modern-day savior, while the world wrestles with what sort of hero it really needs. And with Batman and Superman at war with one another, a new threat quickly arises, putting mankind in greater danger than it's ever known before.##",31.435879##,"[{'name': 'DC Comics', 'id': 429}, {'name': 'Atlas Entertainment', 'id': 507}, {'name': 'Warner Bros.', 'id': 6194}, {'name': 'DC Entertainment', 'id': 9993}, {'name': 'Cruel & Unusual Films', 'id': 9995}, {'name': 'RatPac-Dune Entertainment', 'id': 41624}]##","[{'iso_3166_1': 'US', 'name': 'United States of America'}]##",2016-03-23##,873260194##,151##,"[{'iso_639_1': 'en', 'name': 'English'}]##",Released##,Justice or revenge##,FALSE##,5.7##,7189
FALSE##,Pirates of the Caribbean: The Curse of the Black Pearl##,140000000##,"[{'id': 12, 'name': 'Adventure'}, {'id': 14, 'name': 'Fantasy'}, {'id': 28, 'name': 'Action'}]##",http://disney.go.com/disneyvideos/liveaction/pirates/main_site/main.html##,22##,tt0325980##,en##,Pirates of the Caribbean: The Curse of the Black Pearl##,"Jack Sparrow, a freewheeling 17th-century pirate who roams the Caribbean Sea, butts heads with a rival pirate bent on pillaging the village of Port Royal. When the governor's daughter is kidnapped, Sparrow decides to help the girl's love save her. But their seafaring mission is hardly simple.##",47.326665##,"[{'name': 'Walt Disney Pictures', 'id': 2}, {'name': 'Jerry Bruckheimer Films', 'id': 130}]##","[{'iso_3166_1': 'US', 'name': 'United States of America'}]##",2003-07-09##,655011224##,143##,"[{'iso_639_1': 'en', 'name': 'English'}]##",Released##,Prepare to be blown out of the water.##,FALSE##,7.5##,7191
FALSE##,The Martian##,108000000##,"[{'id': 18, 'name': 'Drama'}, {'id': 12, 'name': 'Adventure'}, {'id': 878, 'name': 'Science Fiction'}]##",http://www.foxmovies.com/movies/the-martian##,286217##,tt3659388##,en##,The Martian##,"During a manned mission to Mars, Astronaut Mark Watney is presumed dead after a fierce storm and left behind by his crew. But Watney has survived and finds himself stranded and alone on the hostile planet. With only meager supplies, he must draw upon his ingenuity, wit and spirit to subsist and find a way to signal to Earth that he is alive.##",25.62993##,"[{'name': 'Twentieth Century Fox Film Corporation', 'id': 306}, {'name': 'Scott Free Productions', 'id': 1645}, {'name': 'Mid Atlantic Films', 'id': 2735}, {'name': 'International Traders', 'id': 6408}, {'name': 'TSG Entertainment', 'id': 22213}, {'name': 'Genre Films', 'id': 28788}]##","[{'iso_3166_1': 'US', 'name': 'United States of America'}]##",2015-09-30##,630161890##,141##,"[{'iso_639_1': 'en', 'name': 'English'}, {'iso_639_1': 'zh', 'name': '??ЂљиЇќ'}]##",Released##,Bring Him Home##,FALSE##,7.6##,7442
FALSE##,Captain America: Civil War##,250000000##,"[{'id': 12, 'name': 'Adventure'}, {'id': 28, 'name': 'Action'}, {'id': 878, 'name': 'Science Fiction'}]##",http://marvel.com/captainamericapremiere##,271110##,tt3498820##,en##,Captain America: Civil War##,"Following the events of Age of Ultron, the collective governments of the world pass an act designed to regulate all superhuman activity. This polarizes opinion amongst the Avengers, causing two factions to side with Iron Man or Captain America, which causes an epic battle between former allies.##",145.882135##,"[{'name': 'Studio Babelsberg', 'id': 264}, {'name': 'Marvel Studios', 'id': 420}, {'name': 'Walt Disney Studios Motion Pictures', 'id': 3036}, {'name': 'Vita-Ray Dutch Productions (III)', 'id': 84424}, {'name': 'Deluxe Digital Studios', 'id': 84425}]##","[{'iso_3166_1': 'US', 'name': 'United States of America'}]##",2016-04-27##,1153304495##,147##,"[{'iso_639_1': 'ro', 'name': 'RomГўnДѓ'}, {'iso_639_1': 'en', 'name': 'English'}, {'iso_639_1': 'de', 'name': 'Deutsch'}, {'iso_639_1': 'ru', 'name': 'P???РєРёР№'}]##",Released##,Divided We Fall##,FALSE##,7.1##,7462
FALSE##,Batman Begins##,150000000##,"[{'id': 28, 'name': 'Action'}, {'id': 80, 'name': 'Crime'}, {'id': 18, 'name': 'Drama'}]##",http://www2.warnerbros.com/batmanbegins/index.html##,272##,tt0372784##,en##,Batman Begins##,"Driven by tragedy, billionaire Bruce Wayne dedicates his life to uncovering and defeating the corruption that plagues his home, Gotham City.  Unable to work within the system, he instead creates a new identity, a symbol of fear for the criminal underworld - The Batman.##",28.505341##,"[{'name': 'DC Comics', 'id': 429}, {'name': 'Legendary Pictures', 'id': 923}, {'name': 'Warner Bros.', 'id': 6194}, {'name': 'DC Entertainment', 'id': 9993}, {'name': 'Syncopy', 'id': 9996}, {'name': 'Patalex III Productions Limited', 'id': 19231}]##","[{'iso_3166_1': 'GB', 'name': 'United Kingdom'}, {'iso_3166_1': 'US', 'name': 'United States of America'}]##",2005-06-10##,374218673##,140##,"[{'iso_639_1': 'en', 'name': 'English'}, {'iso_639_1': 'ur', 'name': 'Ш§Ш±ШЇ?'}, {'iso_639_1': 'zh', 'name': '??ЂљиЇќ'}]##",Released##,Evil fears the knight.##,FALSE##,7.5##,7511
FALSE##,The Lord of the Rings: The Two Towers##,79000000##,"[{'id': 12, 'name': 'Adventure'}, {'id': 14, 'name': 'Fantasy'}, {'id': 28, 'name': 'Action'}]##",http://www.lordoftherings.net/##,121##,tt0167261##,en##,The Lord of the Rings: The Two Towers##,"Frodo and Sam are trekking to Mordor to destroy the One Ring of Power while Gimli, Legolas and Aragorn search for the orc-captured Merry and Pippin. All along, nefarious wizard Saruman awaits the Fellowship members at the Orthanc Tower in Isengard.##",29.423537##,"[{'name': 'WingNut Films', 'id': 11}, {'name': 'New Line Cinema', 'id': 12}, {'name': 'The Saul Zaentz Company', 'id': 5237}]##","[{'iso_3166_1': 'NZ', 'name': 'New Zealand'}, {'iso_3166_1': 'US', 'name': 'United States of America'}]##",2002-12-18##,926287400##,179##,"[{'iso_639_1': 'en', 'name': 'English'}]##",Released##,A New Power Is Rising.##,FALSE##,8##,7641
FALSE##,Suicide Squad##,175000000##,"[{'id': 28, 'name': 'Action'}, {'id': 12, 'name': 'Adventure'}, {'id': 80, 'name': 'Crime'}, {'id': 14, 'name': 'Fantasy'}, {'id': 878, 'name': 'Science Fiction'}]##",http://www.suicidesquad.com/##,297761##,tt1386697##,en##,Suicide Squad##,"From DC Comics comes the Suicide Squad, an antihero team of incarcerated supervillains who act as deniable assets for the United States government, undertaking high-risk black ops missions in exchange for commuted prison sentences.##",42.965027##,"[{'name': 'DC Comics', 'id': 429}, {'name': 'Dune Entertainment', 'id': 444}, {'name': 'Atlas Entertainment', 'id': 507}, {'name': 'Warner Bros.', 'id': 6194}, {'name': 'DC Entertainment', 'id': 9993}]##","[{'iso_3166_1': 'US', 'name': 'United States of America'}]##",2016-08-02##,745600054##,123##,"[{'iso_639_1': 'en', 'name': 'English'}]##",Released##,Worst Heroes Ever##,FALSE##,5.9##,7717
FALSE##,Skyfall##,200000000##,"[{'id': 28, 'name': 'Action'}, {'id': 12, 'name': 'Adventure'}, {'id': 53, 'name': 'Thriller'}]##",http://www.skyfall-movie.com##,37724##,tt1074638##,en##,Skyfall##,"When Bond's latest assignment goes gravely wrong and agents around the world are exposed, MI6 is attacked forcing M to relocate the agency. These events cause her authority and position to be challenged by Gareth Mallory, the new Chairman of the Intelligence and Security Committee. With MI6 now compromised from both inside and out, M is left with one ally she can trust: Bond. 007 takes to the shadows - aided only by field agent, Eve - following a trail to the mysterious Silva, whose lethal and hidden motives have yet to reveal themselves.##",20.309585##,"[{'name': 'Columbia Pictures', 'id': 5}]##","[{'iso_3166_1': 'GB', 'name': 'United Kingdom'}, {'iso_3166_1': 'US', 'name': 'United States of America'}]##",2012-10-25##,1108561013##,143##,"[{'iso_639_1': 'en', 'name': 'English'}]##",Released##,Think on your sins.##,FALSE##,6.9##,7718
FALSE##,Titanic##,200000000##,"[{'id': 18, 'name': 'Drama'}, {'id': 10749, 'name': 'Romance'}, {'id': 53, 'name': 'Thriller'}]##",http://www.titanicmovie.com##,597##,tt0120338##,en##,Titanic##,"84 years later, a 101-year-old woman named Rose DeWitt Bukater tells the story to her granddaughter Lizzy Calvert, Brock Lovett, Lewis Bodine, Bobby Buell and Anatoly Mikailavich on the Keldysh about her life set in April 10th 1912, on a ship called Titanic when young Rose boards the departing ship with the upper-class passengers and her mother, Ruth DeWitt Bukater, and her fianc?, Caledon Hockley. Meanwhile, a drifter and artist named Jack Dawson and his best friend Fabrizio De Rossi win third-class tickets to the ship in a game. And she explains the whole story from departure until the death of Titanic on its first and last voyage April 15th, 1912 at 2:20 in the morning.##",26.88907##,"[{'name': 'Paramount Pictures', 'id': 4}, {'name': 'Twentieth Century Fox Film Corporation', 'id': 306}, {'name': 'Lightstorm Entertainment', 'id': 574}]##","[{'iso_3166_1': 'US', 'name': 'United States of America'}]##",1997-11-18##,1845034188##,194##,"[{'iso_639_1': 'en', 'name': 'English'}, {'iso_639_1': 'fr', 'name': 'FranГ§ais'}, {'iso_639_1': 'de', 'name': 'Deutsch'}, {'iso_639_1': 'sv', 'name': 'svenska'}, {'iso_639_1': 'it', 'name': 'Italiano'}, {'iso_639_1': 'ru', 'name': 'P???РєРёР№'}]##",Released##,Nothing on Earth could come between them.##,FALSE##,7.5##,7770
FALSE##,Star Wars: The Force Awakens##,245000000##,"[{'id': 28, 'name': 'Action'}, {'id': 12, 'name': 'Adventure'}, {'id': 878, 'name': 'Science Fiction'}, {'id': 14, 'name': 'Fantasy'}]##",http://www.starwars.com/films/star-wars-episode-vii##,140607##,tt2488496##,en##,Star Wars: The Force Awakens##,"Thirty years after defeating the Galactic Empire, Han Solo and his allies face a new threat from the evil Kylo Ren and his army of Stormtroopers.##",31.626013##,"[{'name': 'Lucasfilm', 'id': 1}, {'name': 'Truenorth Productions', 'id': 1634}, {'name': 'Bad Robot', 'id': 11461}]##","[{'iso_3166_1': 'US', 'name': 'United States of America'}]##",2015-12-15##,2068223624##,136##,"[{'iso_639_1': 'en', 'name': 'English'}]##",Released##,Every generation has a story.##,FALSE##,7.5##,7993
FALSE##,Forrest Gump##,55000000##,"[{'id': 35, 'name': 'Comedy'}, {'id': 18, 'name': 'Drama'}, {'id': 10749, 'name': 'Romance'}]##",null##,13##,tt0109830##,en##,Forrest Gump##,"A man with a low IQ has accomplished great things in his life and been present during significant historic events - in each case, far exceeding what anyone imagined he could do. Yet, despite all the things he has attained, his one true love eludes him. 'Forrest Gump' is the story of a man who rose above his challenges, and who proved that determination, courage, and love are more important than ability.##",48.307194##,"[{'name': 'Paramount Pictures', 'id': 4}]##","[{'iso_3166_1': 'US', 'name': 'United States of America'}]##",1994-07-06##,677945399##,142##,"[{'iso_639_1': 'en', 'name': 'English'}]##",Released##,The world will never be the same, once you've seen it through the eyes of Forrest Gump.##,FALSE##,8.2##,8147
FALSE##,The Lord of the Rings: The Return of the King##,94000000##,"[{'id': 12, 'name': 'Adventure'}, {'id': 14, 'name': 'Fantasy'}, {'id': 28, 'name': 'Action'}]##",http://www.lordoftherings.net##,122##,tt0167260##,en##,The Lord of the Rings: The Return of the King##,"Aragorn is revealed as the heir to the ancient kings as he, Gandalf and the other members of the broken fellowship struggle to save Gondor from Sauron's forces. Meanwhile, Frodo and Sam bring the ring closer to the heart of Mordor, the dark lord's realm.##",29.324358##,"[{'name': 'WingNut Films', 'id': 11}, {'name': 'New Line Cinema', 'id': 12}]##","[{'iso_3166_1': 'NZ', 'name': 'New Zealand'}, {'iso_3166_1': 'US', 'name': 'United States of America'}]##",2003-12-01##,1118888979##,201##,"[{'iso_639_1': 'en', 'name': 'English'}]##",Released##,The eye of the enemy is moving.##,FALSE##,8.1##,8226
FALSE##,The Shawshank Redemption##,25000000##,"[{'id': 18, 'name': 'Drama'}, {'id': 80, 'name': 'Crime'}]##",null##,278##,tt0111161##,en##,The Shawshank Redemption##,"Framed in the 1940s for the double murder of his wife and her lover, upstanding banker Andy Dufresne begins a new life at the Shawshank prison, where he puts his accounting skills to work for an amoral warden. During his long stretch in prison, Dufresne comes to be admired by the other inmates -- including an older prisoner named Red -- for his integrity and unquenchable sense of hope.##",51.645403##,"[{'name': 'Castle Rock Entertainment', 'id': 97}, {'name': 'Warner Bros.', 'id': 6194}]##","[{'iso_3166_1': 'US', 'name': 'United States of America'}]##",1994-09-23##,28341469##,142##,"[{'iso_639_1': 'en', 'name': 'English'}]##",Released##,Fear can hold you prisoner. Hope can set you free.##,FALSE##,8.5##,8358
FALSE##,The Hobbit: An Unexpected Journey##,250000000##,"[{'id': 12, 'name': 'Adventure'}, {'id': 14, 'name': 'Fantasy'}, {'id': 28, 'name': 'Action'}]##",http://www.thehobbit.com/##,49051##,tt0903624##,en##,The Hobbit: An Unexpected Journey##,"Bilbo Baggins, a hobbit enjoying his quiet life, is swept into an epic quest by Gandalf the Grey and thirteen dwarves who seek to reclaim their mountain home from Smaug, the dragon.##",23.253089##,"[{'name': 'WingNut Films', 'id': 11}, {'name': 'New Line Cinema', 'id': 12}, {'name': 'Warner Bros. Pictures', 'id': 174}, {'name': 'Metro-Goldwyn-Mayer (MGM)', 'id': 8411}]##","[{'iso_3166_1': 'NZ', 'name': 'New Zealand'}, {'iso_3166_1': 'US', 'name': 'United States of America'}]##",2012-11-26##,1021103568##,169##,"[{'iso_639_1': 'en', 'name': 'English'}]##",Released##,From the smallest beginnings come the greatest legends.##,FALSE##,7##,8427
FALSE##,Pulp Fiction##,8000000##,"[{'id': 53, 'name': 'Thriller'}, {'id': 80, 'name': 'Crime'}]##",null##,680##,tt0110912##,en##,Pulp Fiction##,"A burger-loving hit man, his philosophical partner, a drug-addled gangster's moll and a washed-up boxer converge in this sprawling, comedic crime caper. Their adventures unfurl in three stories that ingeniously trip back and forth in time.##",140.950236##,"[{'name': 'Miramax Films', 'id': 14}, {'name': 'A Band Apart', 'id': 59}, {'name': 'Jersey Films', 'id': 216}]##","[{'iso_3166_1': 'US', 'name': 'United States of America'}]##",1994-09-10##,213928762##,154##,"[{'iso_639_1': 'en', 'name': 'English'}, {'iso_639_1': 'es', 'name': 'EspaГ±ol'}, {'iso_639_1': 'fr', 'name': 'FranГ§ais'}]##",Released##,Just because you are a character doesn't mean you have character.##,FALSE##,8.3##,8670
FALSE##,Jurassic World##,150000000##,"[{'id': 28, 'name': 'Action'}, {'id': 12, 'name': 'Adventure'}, {'id': 878, 'name': 'Science Fiction'}, {'id': 53, 'name': 'Thriller'}]##",http://www.jurassicworld.com/##,135397##,tt0369610##,en##,Jurassic World##,"Twenty-two years after the events of Jurassic Park, Isla Nublar now features a fully functioning dinosaur theme park, Jurassic World, as originally envisioned by John Hammond.##",32.790475##,"[{'name': 'Universal Studios', 'id': 13}, {'name': 'Amblin Entertainment', 'id': 56}, {'name': 'Legendary Pictures', 'id': 923}, {'name': 'Fuji Television Network', 'id': 3341}, {'name': 'Dentsu', 'id': 6452}]##","[{'iso_3166_1': 'US', 'name': 'United States of America'}]##",2015-06-09##,1513528810##,124##,"[{'iso_639_1': 'en', 'name': 'English'}]##",Released##,The park is open.##,FALSE##,6.5##,8842
FALSE##,The Lord of the Rings: The Fellowship of the Ring##,93000000##,"[{'id': 12, 'name': 'Adventure'}, {'id': 14, 'name': 'Fantasy'}, {'id': 28, 'name': 'Action'}]##",http://www.lordoftherings.net/##,120##,tt0120737##,en##,The Lord of the Rings: The Fellowship of the Ring##,"Young hobbit Frodo Baggins, after inheriting a mysterious ring from his uncle Bilbo, must leave his home in order to keep it from falling into the hands of its evil creator. Along the way, a fellowship is formed to protect the ringbearer and make sure that the ring arrives at its final destination: Mt. Doom, the only place where it can be destroyed.##",32.070725##,"[{'name': 'WingNut Films', 'id': 11}, {'name': 'New Line Cinema', 'id': 12}, {'name': 'The Saul Zaentz Company', 'id': 5237}]##","[{'iso_3166_1': 'NZ', 'name': 'New Zealand'}, {'iso_3166_1': 'US', 'name': 'United States of America'}]##",2001-12-18##,871368364##,178##,"[{'iso_639_1': 'en', 'name': 'English'}]##",Released##,One ring to rule them all##,FALSE##,8##,8892
FALSE##,Iron Man##,140000000##,"[{'id': 28, 'name': 'Action'}, {'id': 878, 'name': 'Science Fiction'}, {'id': 12, 'name': 'Adventure'}]##",http://www.ironmanmovie.com/##,1726##,tt0371746##,en##,Iron Man##,"After being held captive in an Afghan cave, billionaire engineer Tony Stark creates a unique weaponized suit of armor to fight evil.##",22.073099##,"[{'name': 'Paramount Pictures', 'id': 4}, {'name': 'Marvel Studios', 'id': 420}]##","[{'iso_3166_1': 'US', 'name': 'United States of America'}]##",2008-04-30##,585174222##,126##,"[{'iso_639_1': 'en', 'name': 'English'}, {'iso_639_1': 'fa', 'name': '?Ш§Ш±Ші?'}, {'iso_639_1': 'ur', 'name': 'Ш§Ш±ШЇ?'}, {'iso_639_1': 'ar', 'name': 'Ш§?Ш№Ш±ШЁ?Ш©'}]##",Released##,Heroes aren't born. They're built.##,FALSE##,7.4##,8951
FALSE##,Iron Man 3##,200000000##,"[{'id': 28, 'name': 'Action'}, {'id': 12, 'name': 'Adventure'}, {'id': 878, 'name': 'Science Fiction'}]##",http://marvel.com/ironman3##,68721##,tt1300854##,en##,Iron Man 3##,"When Tony Stark's world is torn apart by a formidable terrorist called the Mandarin, he starts an odyssey of rebuilding and retribution.##",23.721243##,"[{'name': 'Marvel Studios', 'id': 420}]##","[{'iso_3166_1': 'CN', 'name': 'China'}, {'iso_3166_1': 'US', 'name': 'United States of America'}]##",2013-04-18##,1215439994##,130##,"[{'iso_639_1': 'en', 'name': 'English'}]##",Released##,Unleash the power behind the armor.##,FALSE##,6.8##,8951
FALSE##,The Matrix##,63000000##,"[{'id': 28, 'name': 'Action'}, {'id': 878, 'name': 'Science Fiction'}]##",http://www.warnerbros.com/matrix##,603##,tt0133093##,en##,The Matrix##,"Set in the 22nd century, The Matrix tells the story of a computer hacker who joins a group of underground insurgents fighting the vast and powerful computers who now rule the earth.##",33.366332##,"[{'name': 'Village Roadshow Pictures', 'id': 79}, {'name': 'Groucho II Film Partnership', 'id': 372}, {'name': 'Silver Pictures', 'id': 1885}, {'name': 'Warner Bros.', 'id': 6194}]##","[{'iso_3166_1': 'AU', 'name': 'Australia'}, {'iso_3166_1': 'US', 'name': 'United States of America'}]##",1999-03-30##,463517383##,136##,"[{'iso_639_1': 'en', 'name': 'English'}]##",Released##,Welcome to the Real World.##,FALSE##,7.9##,9079
FALSE##,The Dark Knight Rises##,250000000##,"[{'id': 28, 'name': 'Action'}, {'id': 80, 'name': 'Crime'}, {'id': 18, 'name': 'Drama'}, {'id': 53, 'name': 'Thriller'}]##",http://www.thedarkknightrises.com/##,49026##,tt1345836##,en##,The Dark Knight Rises##,"Following the death of District Attorney Harvey Dent, Batman assumes responsibility for Dent's crimes to protect the late attorney's reputation and is subsequently hunted by the Gotham City Police Department. Eight years later, Batman encounters the mysterious Selina Kyle and the villainous Bane, a new terrorist leader who overwhelms Gotham's finest. The Dark Knight resurfaces to protect a city that has branded him an enemy.##",20.58258##,"[{'name': 'Legendary Pictures', 'id': 923}, {'name': 'Warner Bros.', 'id': 6194}, {'name': 'DC Entertainment', 'id': 9993}, {'name': 'Syncopy', 'id': 9996}]##","[{'iso_3166_1': 'US', 'name': 'United States of America'}]##",2012-07-16##,1084939099##,165##,"[{'iso_639_1': 'en', 'name': 'English'}]##",Released##,The Legend Ends##,FALSE##,7.6##,9263
FALSE##,Mad Max: Fury Road##,150000000##,"[{'id': 28, 'name': 'Action'}, {'id': 12, 'name': 'Adventure'}, {'id': 878, 'name': 'Science Fiction'}, {'id': 53, 'name': 'Thriller'}]##",http://www.madmaxmovie.com/##,76341##,tt1392190##,en##,Mad Max: Fury Road##,"An apocalyptic story set in the furthest reaches of our planet, in a stark desert landscape where humanity is broken, and most everyone is crazed fighting for the necessities of life. Within this world exist two rebels on the run who just might be able to restore order. There's Max, a man of action and a man of few words, who seeks peace of mind following the loss of his wife and child in the aftermath of the chaos. And Furiosa, a woman of action and a woman who believes her path to survival may be achieved if she can make it across the desert back to her childhood homeland.##",29.36178##,"[{'name': 'Village Roadshow Pictures', 'id': 79}, {'name': 'Kennedy Miller Productions', 'id': 2537}, {'name': 'Warner Bros.', 'id': 6194}]##","[{'iso_3166_1': 'AU', 'name': 'Australia'}, {'iso_3166_1': 'US', 'name': 'United States of America'}]##",2015-05-13##,378858340##,120##,"[{'iso_639_1': 'en', 'name': 'English'}]##",Released##,What a Lovely Day.##,FALSE##,7.3##,9629
FALSE##,The Hunger Games##,75000000##,"[{'id': 878, 'name': 'Science Fiction'}, {'id': 12, 'name': 'Adventure'}, {'id': 14, 'name': 'Fantasy'}]##",http://www.thehungergames.movie/##,70160##,tt1392170##,en##,The Hunger Games##,"Every year in the ruins of what was once North America, the nation of Panem forces each of its twelve districts to send a teenage boy and girl to compete in the Hunger Games.  Part twisted entertainment, part government intimidation tactic, the Hunger Games are a nationally televised event in which ""Tributes"" must fight with one another until one survivor remains. Pitted against highly-trained Tributes who have prepared for these Games their entire lives, Katniss is forced to rely upon her sharp instincts as well as the mentorship of drunken former victor Haymitch Abernathy.  If she's ever to return home to District 12, Katniss must make impossible choices in the arena that weigh survival against humanity and life against love. The world will be watching.##",20.031667##,"[{'name': 'Lionsgate', 'id': 1632}, {'name': 'Color Force', 'id': 5420}]##","[{'iso_3166_1': 'US', 'name': 'United States of America'}]##",2012-03-12##,691210692##,142##,"[{'iso_639_1': 'en', 'name': 'English'}]##",Released##,May The Odds Be Ever In Your Favor.##,FALSE##,6.9##,9634
FALSE##,Fight Club##,63000000##,"[{'id': 18, 'name': 'Drama'}]##",http://www.foxmovies.com/movies/fight-club##,550##,tt0137523##,en##,Fight Club##,"A ticking-time-bomb insomniac and a slippery soap salesman channel primal male aggression into a shocking new form of therapy. Their concept catches on, with underground ""fight clubs"" forming in every town, until an eccentric gets in the way and ignites an out-of-control spiral toward oblivion.##",63.869599##,"[{'name': 'Twentieth Century Fox Film Corporation', 'id': 306}, {'name': 'Regency Enterprises', 'id': 508}, {'name': 'Fox 2000 Pictures', 'id': 711}, {'name': 'Taurus Film', 'id': 20555}, {'name': 'Linson Films', 'id': 54050}, {'name': 'Atman Entertainment', 'id': 54051}, {'name': 'Knickerbocker Films', 'id': 54052}]##","[{'iso_3166_1': 'DE', 'name': 'Germany'}, {'iso_3166_1': 'US', 'name': 'United States of America'}]##",1999-10-15##,100853753##,139##,"[{'iso_639_1': 'en', 'name': 'English'}]##",Released##,Mischief. Mayhem. Soap.##,FALSE##,8.3##,9678
FALSE##,Guardians of the Galaxy##,170000000##,"[{'id': 28, 'name': 'Action'}, {'id': 878, 'name': 'Science Fiction'}, {'id': 12, 'name': 'Adventure'}]##",http://marvel.com/guardians##,118340##,tt2015381##,en##,Guardians of the Galaxy##,"Light years from Earth, 26 years after being abducted, Peter Quill finds himself the prime target of a manhunt after discovering an orb wanted by Ronan the Accuser.##",53.291601##,"[{'name': 'Marvel Studios', 'id': 420}, {'name': 'Moving Picture Company (MPC)', 'id': 20478}, {'name': 'Bulletproof Cupid', 'id': 54850}, {'name': 'Revolution Sun Studios', 'id': 76043}]##","[{'iso_3166_1': 'GB', 'name': 'United Kingdom'}, {'iso_3166_1': 'US', 'name': 'United States of America'}]##",2014-07-30##,773328629##,121##,"[{'iso_639_1': 'en', 'name': 'English'}]##",Released##,All heroes start somewhere.##,FALSE##,7.9##,10014
FALSE##,Django Unchained##,100000000##,"[{'id': 18, 'name': 'Drama'}, {'id': 37, 'name': 'Western'}]##",http://unchainedmovie.com/##,68718##,tt1853728##,en##,Django Unchained##,"With the help of a German bounty hunter, a freed slave sets out to rescue his wife from a brutal Mississippi plantation owner.##",19.785025##,"[{'name': 'Columbia Pictures', 'id': 5}, {'name': 'The Weinstein Company', 'id': 308}]##","[{'iso_3166_1': 'US', 'name': 'United States of America'}]##",2012-12-25##,425368238##,165##,"[{'iso_639_1': 'en', 'name': 'English'}, {'iso_639_1': 'fr', 'name': 'FranГ§ais'}, {'iso_639_1': 'de', 'name': 'Deutsch'}]##",Released##,Life, liberty and the pursuit of vengeance.##,FALSE##,7.8##,10297
FALSE##,Interstellar##,165000000##,"[{'id': 12, 'name': 'Adventure'}, {'id': 18, 'name': 'Drama'}, {'id': 878, 'name': 'Science Fiction'}]##",http://www.interstellarmovie.net/##,157336##,tt0816692##,en##,Interstellar##,Interstellar chronicles the adventures of a group of explorers who make use of a newly discovered wormhole to surpass the limitations on human space travel and conquer the vast distances involved in an interstellar voyage.##,32.213481##,"[{'name': 'Paramount Pictures', 'id': 4}, {'name': 'Legendary Pictures', 'id': 923}, {'name': 'Warner Bros.', 'id': 6194}, {'name': 'Syncopy', 'id': 9996}, {'name': 'Lynda Obst Productions', 'id': 13769}]##","[{'iso_3166_1': 'CA', 'name': 'Canada'}, {'iso_3166_1': 'US', 'name': 'United States of America'}, {'iso_3166_1': 'GB', 'name': 'United Kingdom'}]##",2014-11-05##,675120017##,169##,"[{'iso_639_1': 'en', 'name': 'English'}]##",Released##,Mankind was born on Earth. It was never meant to die here.##,FALSE##,8.1##,11187
FALSE##,Deadpool##,58000000##,"[{'id': 28, 'name': 'Action'}, {'id': 12, 'name': 'Adventure'}, {'id': 35, 'name': 'Comedy'}]##",http://www.foxmovies.com/movies/deadpool##,293660##,tt1431045##,en##,Deadpool##,"Deadpool tells the origin story of former Special Forces operative turned mercenary Wade Wilson, who after being subjected to a rogue experiment that leaves him with accelerated healing powers, adopts the alter ego Deadpool. Armed with his new abilities and a dark, twisted sense of humor, Deadpool hunts down the man who nearly destroyed his life.##",187.860492##,"[{'name': 'Twentieth Century Fox Film Corporation', 'id': 306}, {'name': 'Marvel Entertainment', 'id': 7505}, {'name': ""The Donners' Company"", 'id': 11307}, {'name': 'TSG Entertainment', 'id': 22213}, {'name': 'Kinberg Genre', 'id': 78091}]##","[{'iso_3166_1': 'US', 'name': 'United States of America'}]##",2016-02-09##,783112979##,108##,"[{'iso_639_1': 'en', 'name': 'English'}]##",Released##,Witness the beginning of a happy ending##,FALSE##,7.4##,11444
FALSE##,The Avengers##,220000000##,"[{'id': 878, 'name': 'Science Fiction'}, {'id': 28, 'name': 'Action'}, {'id': 12, 'name': 'Adventure'}]##",http://marvel.com/avengers_movie/##,24428##,tt0848228##,en##,The Avengers##,"When an unexpected enemy emerges and threatens global safety and security, Nick Fury, director of the international peacekeeping agency known as S.H.I.E.L.D., finds himself in need of a team to pull the world back from the brink of disaster. Spanning the globe, a daring recruitment effort begins!##",89.887648##,"[{'name': 'Paramount Pictures', 'id': 4}, {'name': 'Marvel Studios', 'id': 420}]##","[{'iso_3166_1': 'US', 'name': 'United States of America'}]##",2012-04-25##,1519557910##,143##,"[{'iso_639_1': 'en', 'name': 'English'}]##",Released##,Some assembly required.##,FALSE##,7.4##,12000
FALSE##,Avatar##,237000000##,"[{'id': 28, 'name': 'Action'}, {'id': 12, 'name': 'Adventure'}, {'id': 14, 'name': 'Fantasy'}, {'id': 878, 'name': 'Science Fiction'}]##",http://www.avatarmovie.com/##,19995##,tt0499549##,en##,Avatar##,"In the 22nd century, a paraplegic Marine is dispatched to the moon Pandora on a unique mission, but becomes torn between following orders and protecting an alien civilization.##",185.070892##,"[{'name': 'Ingenious Film Partners', 'id': 289}, {'name': 'Twentieth Century Fox Film Corporation', 'id': 306}, {'name': 'Dune Entertainment', 'id': 444}, {'name': 'Lightstorm Entertainment', 'id': 574}]##","[{'iso_3166_1': 'US', 'name': 'United States of America'}, {'iso_3166_1': 'GB', 'name': 'United Kingdom'}]##",2009-12-10##,2787965087##,162##,"[{'iso_639_1': 'en', 'name': 'English'}, {'iso_639_1': 'es', 'name': 'EspaГ±ol'}]##",Released##,Enter the World of Pandora.##,FALSE##,7.2##,12114
FALSE##,The Dark Knight##,185000000##,"[{'id': 18, 'name': 'Drama'}, {'id': 28, 'name': 'Action'}, {'id': 80, 'name': 'Crime'}, {'id': 53, 'name': 'Thriller'}]##",http://thedarkknight.warnerbros.com/dvdsite/##,155##,tt0468569##,en##,The Dark Knight##,"Batman raises the stakes in his war on crime. With the help of Lt. Jim Gordon and District Attorney Harvey Dent, Batman sets out to dismantle the remaining criminal organizations that plague the streets. The partnership proves to be effective, but they soon find themselves prey to a reign of chaos unleashed by a rising criminal mastermind known to the terrified citizens of Gotham as the Joker.##",123.167259##,"[{'name': 'DC Comics', 'id': 429}, {'name': 'Legendary Pictures', 'id': 923}, {'name': 'Warner Bros.', 'id': 6194}, {'name': 'DC Entertainment', 'id': 9993}, {'name': 'Syncopy', 'id': 9996}]##","[{'iso_3166_1': 'GB', 'name': 'United Kingdom'}, {'iso_3166_1': 'US', 'name': 'United States of America'}]##",2008-07-16##,1004558444##,152##,"[{'iso_639_1': 'en', 'name': 'English'}, {'iso_639_1': 'zh', 'name': '??ЂљиЇќ'}]##",Released##,Why So Serious?##,FALSE##,8.3##,12269
FALSE##,Inception##,160000000##,"[{'id': 28, 'name': 'Action'}, {'id': 53, 'name': 'Thriller'}, {'id': 878, 'name': 'Science Fiction'}, {'id': 9648, 'name': 'Mystery'}, {'id': 12, 'name': 'Adventure'}]##",http://inceptionmovie.warnerbros.com/##,27205##,tt1375666##,en##,Inception##,"Cobb, a skilled thief who commits corporate espionage by infiltrating the subconscious of his targets is offered a chance to regain his old life as payment for a task considered to be impossible: ""inception"", the implantation of another person's idea into a target's subconscious.##",29.108149##,"[{'name': 'Legendary Pictures', 'id': 923}, {'name': 'Warner Bros.', 'id': 6194}, {'name': 'Syncopy', 'id': 9996}]##","[{'iso_3166_1': 'GB', 'name': 'United Kingdom'}, {'iso_3166_1': 'US', 'name': 'United States of America'}]##",2010-07-14##,825532764##,148##,"[{'iso_639_1': 'en', 'name': 'English'}]##",Released##,Your mind is the scene of the crime.##,FALSE##,8.1##,14075
