The Godfather,0.5
The Shawshank Redemption,0.5
Pulp Fiction,0.5
Fight Club,0.5
The Dark Knight,0.5
The Intouchables,0.5
The Empire Strikes Back,0.5
Forrest Gump,0.5
Se7en,0.5
Star Wars,0.5
The Lord of the Rings: The Return of the King,0.5
Interstellar,0.5
Inception,0.5
The Lion King,0.5
The Imitation Game,0.5
Back to the Future,0.5
The Lord of the Rings: The Two Towers,0.5
The Lord of the Rings: The Fellowship of the Ring,0.5
Saving Private Ryan,0.5
Gladiator,0.5
Gone Girl,0.5
Harry Potter and the Deathly Hallows: Part 2,0.5
Inglourious Basterds,0.5
Inside Out,0.5
The Wolf of Wall Street,0.5
The Matrix,0.5
Guardians of the Galaxy,0.5
Big Hero 6,0.5
WALLì¨ŒE,0.5
Shutter Island,0.5
Up,0.5
Django Unchained,0.5
Kill Bill: Vol. 1,0.5
Toy Story,0.5
Harry Potter and the Prisoner of Azkaban,0.5
Captain America: The Winter Soldier,0.5
Kingsman: The Secret Service,0.5
Finding Nemo,0.5
Logan,0.5
The Martian,0.5
The Dark Knight Rises,0.5
Harry Potter and the Deathly Hallows: Part 1,0.5
Harry Potter and the Goblet of Fire,0.5
Monsters. Inc.,0.5
X-Men: Days of Future Past,0.5
Harry Potter and the Philosopher's Stone,0.5
Pirates of the Caribbean: The Curse of the Black Pearl,0.5
Batman Begins,0.5
Titanic,0.5
Star Wars: The Force Awakens,0.5
Rogue One: A Star Wars Story,0.5
The Incredibles,0.5
Harry Potter and the Half-Blood Prince,0.5
Harry Potter and the Order of the Phoenix,0.5
Harry Potter and the Chamber of Secrets,0.5
The Hunger Games: Catching Fire,0.5
Iron Man,0.5
Deadpool,0.5
The Avengers,0.5
Frozen,0.5
Now You See Me,0.5
Gravity,0.5
The Revenant,0.5
Avengers: Age of Ultron,0.5
Mad Max: Fury Road,0.5
Fantastic Beasts and Where to Find Them,0.5
Arrival,0.5
Life of Pi,0.5
The Hangover,0.5
Avatar,0.5
X-Men: First Class,0.5
Doctor Strange,0.5
Despicable Me,0.5
Captain America: Civil War,0.5
300,0.5
Pirates of the Caribbean: Dead Man's Chest,0.5
John Wick,0.5
The Maze Runner,0.5
Sherlock Holmes,0.5
Ant-Man,0.5
The Hobbit: An Unexpected Journey,0.5
Skyfall,0.5
The Hunger Games,0.5
Spider-Man,0.5
Beauty and the Beast,0.5
Iron Man 3,0.5
Fast & Furious 6,0.5
World War Z,0.5
The Hunger Games: Mockingjay - Part 1,0.5
Thor,0.5
Iron Man 2,0.5
Captain America: The First Avenger,0.5
Man of Steel,0.5
The Amazing Spider-Man,0.5
Jurassic World,0.5
Pirates of the Caribbean: On Stranger Tides,0.5
Prometheus,0.5
Lucy,0.5
Suicide Squad,0.5
Batman v Superman: Dawn of Justice,0.5
